Ward,travel_time_to_cities_2015
Got Kachola,39.98962730006345
Kachieng',88.78913211741124
Kendu Bay Town,35.53505969396332
Abakaile,104.66012959315736
Abogeta East,14.896946870742845
Abogeta West,102.77535306870917
Abothuguchi Central,8.299407057739913
Abothuguchi West,81.929096966134
Adamsajide,149.8484519091506
Adu,283.88252609180245
Baraki,208.37345019419072
Ageng'a/Nanguba,37.331130046985756
Ahero,21.46568601230275
Ainabkoi/Olare,41.339610978323556
Ainamoi,61.03161902659748
Airbase,0.0
Airport,1.2066532258064517
Akachiu,103.98511410469338
Akirang'ondu,89.93447253212823
Akithi,37.92836044431502
Alale,293.4969353235036
Alango Gof,116.37521948856644
Amalo,131.87387881399076
Amuathi,112.19141571983528
Amukura Central,21.73701744072115
Amukura East,24.580788684900718
Amukura West,17.468476798924
Angata Barikoi,101.57260254023068
Ang'orom,10.29219182293268
Ang'urai East,25.710337202874516
Ang'urai North,39.046919942473636
Ang'urai South,22.87989925052219
Angata Nanyokie,239.47055170572608
Antuambui,83.34561050298613
Arabia,175.61349015716584
Arbajahan,179.00415295408249
Arror,76.83449450379315
As-habito,124.55798451516486
Athi,236.24305444384638
Athi River,11.512734082397001
Athiru Gaiti,171.09014430098745
Athiru Runjine,82.71484374999999
Athwana,47.140988372093
Atuabetwe Kiongo,98.7614546897869
Awasi/Onjiko,30.956784788245454
Baawa,229.26073920475233
Babadogo,0.0
Bahari,190.1196821036107
Bahati,11.994274238345506
Balambala,177.72588707155293
Bamba,130.17821770092553
Bamburi,2.875758991125643
Banane,149.37219606544193
Bangale,237.2047641989119
Banissa,259.35028569017965
Banja,29.750981354268887
Baragwi,38.959436379163115
Malindi Town,40.1549043062201
Bartabwa,99.10366632337792
Tirioko,98.76405385107512
Barut,8.183736809435132
Barwago,2.98945868945869
Bassi Bogetaorio,25.617128902843195
Bassi Central,23.349096705632288
Basuba,395.67014174704525
Batei,96.72034486537828
Benane,307.6484155776478
Biashara,16.942005012531315
Bibirioni,9.072046109510088
Bidii,4.522216414009409
Birongo,8.6260510399764
Bobaracho,1.7998415931206155
Bobasi Chache,12.966832298136652
Bobasi/Boitangare,11.27386784562074
Bofu,0.0
Bogeka,6.167624521072797
Bogertenga,19.858974358974358
Bogiakumu,6.680750030439547
Bogichora,21.317896442314183
Bogisero,11.93742206099082
Boikanga,28.103278688524593
Boito,91.24067007715541
Bokeira,31.18921750342496
Bokeire,14.42864161139769
Bokimonge,32.17193870378182
Bokoli,23.97302786578927
Bomani,96.56707317073172
Bomariba,13.059343017497529
Bomwagamo,30.165283018867928
Bonyamatuta,16.324573202276255
Boochi Borabu,20.071086501047592
Boochi/Tendere,11.81372123317412
Borabu Masaba,20.748824082784573
Borabu/Chitago,44.72145498452947
Bosamaro,21.127776110444177
Bosoti/Sengera,39.2547622618869
Bukembe East,18.346532715767502
Bukembe West,7.799080635893505
Bukhayo Central,23.198752977441497
Bukhayo East,22.331001933356074
Bukhayo North/ Walat,17.21285957868104
Bukhayo West,8.295506085990652
Bukira Central/Ikerege,37.24264169983739
Bukira East,28.487074965201828
Bulla Pesa,25.65134099616857
Bumula,23.503854098443252
Bunyala Central,16.306893517160454
Bunyala East,32.542262389806645
Bunyala North,41.00908344204474
Bunyala South,70.20862791844787
Bunyala West,43.616253928627174
Bura,304.4575089082136
Burat,96.98615805135523
Burder,165.9913989032508
Burumba,6.866125760649088
Busali,18.227226052515768
Busibwabo,16.482621951219517
Butali/Chegulo,25.693195080348318
Bute,136.36559291039526
Butiye,231.38990255572907
Butsotso Central,7.779338734971249
Butsotso East,8.706931977938792
Butsotso South,23.72797059141529
Bwake/Luuya,21.030982406974932
Bwiri,39.95082870391625
Califonia,0.0
Central,61.046469475515295
Central Alego,35.9262531819072
Central Bunyore,8.216337959581203
Central Gem,14.887204405571751
Central Kamagambo,19.36286780851998
Central Kanyamkago,28.354165452107498
Central Kasipul,20.86608334569183
Central Kisumu,13.997366356606518
Central Maragoli,9.777281553398062
Central Nyakach,31.677297603321374
Central Sakwa,91.60849507501757
Central Seme,48.482761391947285
Chaani,0.0
Chaik,138.88209688868648
Chakol North,22.933735747820247
Chakol South,14.239186356707311
Chala,186.4656399601556
Changamwe,0.0
Charagita,26.90973621103119
Chari,456.6175487054841
Chasimba,28.78433367243133
Chavakali,11.155148095909732
Chawia,214.83267349555857
Cheboin,24.297101449275367
Chebukwabi,11.220490581379584
Chebunyo,41.26189158486498
Chekalaini,30.63432835820895
Chemagel,14.892532349425771
Chemaner,62.61944087186081
Chemelil,29.136151177651996
Chemelil/Chemase,32.39351504302129
Chemosot,13.930727326266195
Chemuche,27.12298221614225
Chemundu/Kapng'entuny,7.141839723109689
Chengoni/Samburu,63.61315946037208
Chepareria,65.1723635740598
Chepchabas,28.993532202980024
Chepchoina,86.15794070276523
Chepkorio,27.664208813653193
Chepkumia,36.88571886520277
Chepkunyuk,19.801295260523982
Cheplanget,27.830591259640098
Chepseon,57.79500101530338
Chepsiro/Kiptoror,34.69130537787253
Cheptais,51.284240225715436
Chepterwai,44.692204878514495
Cheptiret/Kipchamo,17.88226984317011
Cheptororiet/ Seretut,25.59705580280725
Chepyuk,57.46343226925998
Cherab,481.01672688529396
Cherangany/Chebororwa,42.67762840399862
Cherangany/Suwerwa,24.046923293059834
Chesikak,31.97655011265961
Chesoen,17.24310969583836
Chevaywa,35.485914676559254
Chewani,114.3379192407833
Chewele,137.19669772177517
Chiakariga,50.72175077092245
Chilchila,83.74331705436316
Chinga,70.12480713758639
Chogoria,85.3649904143931
Chuluni,116.71168193408245
Churo/Amaya,168.83975606788724
Cianda,7.410564038641318
Clay City,0.0
Dabaso,41.554910747080015
Dadaab,16.264018691588788
Dadaja Bula,156.62689479899527
Dalalekutuk,103.77404559973566
Damajale,142.4109514970837
Danaba,220.8757882892783
Dandora Area Four,0.0
Dandora Area Three,0.0
Dandora Area Two,0.0
Dandora Area one,0.0
Dandu,177.1154286868467
Danyere,337.5901641648395
Dedan Kimathi,85.17648100593287
Dekaharia,457.1887250633118
Dela,104.0315025625045
Derkale,198.7616283711498
Dertu,154.04112531852405
Dukana,674.2849612633768
Dundori,10.89801543550165
Dungicha,65.32733199598805
Dzombo,43.27467918743554
East Alego,30.99923268751198
East Asembo,43.8052599932028
East Bunyore,8.28661383128868
East Gem,12.266484716157207
East Kabras,27.76004735907386
East Kamagak,29.17649477753104
East Kamagambo,24.347127381013497
East Kano/Wawidhi,33.13780404778114
East Kanyamkago,26.596575860764275
East Sang'alo,17.224660773026315
East Seme,21.891489458585678
East Ugenya,32.27494511720133
East Wanga,21.436231949255475
Eastleigh North,0.0
Eastleigh South,0.0
Ekalakala,94.78518784828326
Ekerenyo,21.04728950403691
El Wak North,68.1609348052088
El Wak South,20.09516932479384
El-Nur/Tula-tula,65.30947034983929
El-barta,228.16558073901163
Elben,179.27370074386798
Elburgon,23.831584180291653
Eldas,116.84235298922337
Elementaita,74.23304853447252
Elugulu,26.862543511697545
Emabungo,2.4406677393403062
Emali/Mulala,69.49528017035878
Embakasi,3.0114618684766605
Embobut,125.07939193519447
Embomos,111.48061133463203
Emining,72.97116069892598
Emsoo,81.07999219799746
Embobut/Embulot,52.07991491422244
Endo,99.82466469120399
Endugh,212.22124543996716
Engineer,31.55842965886666
Entonet/Lenkism,185.36864418010637
Esise,29.083019138927792
Etenje,40.39527139527139
Evurore,65.1536945977309
Ewalel/Chapchap,75.38555213109824
Ewuaso O o Nkidong'i/M,112.82754988399083
Fafi,155.94497233104624
Faza,267.00773293096944
Fino,203.32692707154558
Frere Town,0.0
Gaaki/Aguthi,11.725322500178184
Gachuba,13.169836355594875
Gaichanjiru,25.3464506827241
Gakawa,40.81003244997296
Galbet,1.7222222222222223
Ganda,45.07381303871612
Ganga,33.000193199381776
Ganyure,143.14752168144327
Garashi,98.92960779585756
Garba Tulla,225.734944267516
Garsen Central,141.03113781229402
Garsen North,220.58887986796705
Garsen South,146.34614654138346
Garsen West,405.0040462854369
Gatanga,16.522292993630572
Gatarakwa,85.45236717770709
Gathaite,32.8735362176565
Gathanji,36.19285619527728
Gathara,74.70973308531856
Gatimu,30.660666358167504
Gatina,0.0
Gatitu/Muruguru,3.6549631151368014
Gatongora,23.550786672836644
Gatunga,153.54270623962248
Gaturi,40.29953676518562
Gaturi North,44.976186147973074
Gaturi South,37.497970040599185
Gem East/Rangwe,27.80608956550727
Gem West,27.53301233824857
Gembe,82.11535059752758
Gesima,29.352611713137705
Gesusu,19.799957415096348
Geta,87.26409793993199
Getenga,45.521329211746526
Gikondi,40.53034488904732
Gilgil,22.257620527289028
Gisambai,19.1239460370995
Gitaru,0.24430045596352296
Githabai,18.297794329926663
Gither,216.0085428423754
Githiga,16.72617819057448
Githumu/Gichagi-ini,28.19387670666115
Githunguri,13.97094649463142
Githurai,0.0
Gitothua,3.32475808354968
Gituamba,32.6265334513722
Gitugi,28.233212024527635
God Jope/Kwa,10.466815393195759
Godoma,122.32984169064473
Gokeharaka/Getembw,52.72332560616502
Golbo,87.8072307774027
Gombato/Bongwe,8.801715399610135
Gongoni,76.3666972167286
Goreale,157.83770345551076
Gurar,207.13748322928322
Guticha,217.02529396919041
Gwassi North,108.63110784066073
Gwassi South,95.97622966859672
Habaswein,129.50491057521606
Hadado/Adhibohol,189.66678483204353
Harambee,0.0
Heillu,21.864660657476133
Hellsgate,21.92234296810815
Hindi,278.26777838868543
Hiriman,200.49129159945528
Homa Bay Arujo,38.42446043165469
Homa Bay Central,66.29994900160834
Homa Bay East,34.918081739983066
Homa Bay West,35.820821917808196
Hongwe,184.0558008831795
Hospital,1.290040889874558
Hulugho,506.2482186782779
Huruma,0.0
Ibeno,10.926968763748345
Ibrahim Ure,183.74475671925305
Ichagaki,28.006716850028944
Ichuni,15.627492957746481
Idakho Central,25.8771465185818
Idakho East,11.363074868541856
Idakho North,25.9248841826605
Idakho South,17.762905500705216
Iftin,51.6104876672405
Igambang'ombe,53.5170627610484
Igembe South,123.81717507010809
Igoji East,21.230398012327388
Igoji West,94.34767299448862
Igwamiti,46.193687927154095
Ijara,384.6226321248886
Ikanga/Kyatune,118.15973258706467
Ikinu,13.774498400697878
Ikombe,60.77259326512085
Ikutha,206.97577734988866
Ilchamus,88.49738729776426
Ildamat,66.70384963946567
Ildamat (Narok East),121.51179490076179
Ilima,59.510501919316276
Ilkerin,86.9134645315256
Illeret,364.33102263022266
Ilmaroro,122.18648890594022
Ilmotiook,59.76933527069966
Iloodokilani,191.5197269417689
Imara Daima,0.5217391304347826
Imbirikani/Eselenkei,169.59357884583926
Ingotse/Matiha,10.830463705732733
Inoi,94.73490439811823
Iria-ini,76.04700792021121
Iriaini,86.17906780593347
Isibania,30.48350612629595
Isukha West,7.421839729119636
Ithanga,54.292279579716755
Ithiru,17.03801169590643
Itibo,23.742343070858183
Ivingoni/Nzambani,179.05952952806618
Jara Jara,314.85398384484347
Jara Jila,257.5756805932229
Jaribuni,35.03435500168408
Jepkoyai,8.300890092879257
Jibana,26.034424883048242
Jilore,75.61619256418957
Jomvu Kuu,3.9499351911860003
Juja,8.51774039521046
Junda,0.8121457489878544
Junju,20.610489735128336
KEEKONYOKIE (Narok East),98.39124676217374
Kaaleng/Kaikor,733.4431985047611
Kabare,77.06189512688618
Kabarnet,59.34857226472676
Kabartonjo,83.61862728105577
Kabaru,101.57906528719226
Kabatini,13.833981631550516
Kabazi,31.168016510835223
Kabete,1.6518822213939626
Kabianga,41.30416826738378
Kabiemit,45.195223438212494
Kabiri,40.61275787187838
Kabiro,0.0
Kabisaga,33.702211257309926
Kabiyet,32.57838076329139
Kabondo East,30.00688832239519
Kabondo West,35.26377360113546
Kabonyo/Kanyagwal,48.646033363729
Kabuchai/Chwale,12.95176973940101
Kabula,9.771096877502002
Kabwareng,28.675767480612702
Kadzandani,0.0
Kaeris,298.91170399694505
Kagaari North,102.56126896178925
Kagaari South,42.73557331449512
Kagan,37.674360350688865
Kagunduini,19.446868402533426
Kahawa,0.0
Kahawa Wendan,0.0
Kahawa West,0.29367212313706326
Kahawa/Sukari,0.4079528718703977
Kahumbu,27.543626270032473
Kaimbaga,38.359407028905856
Kajulu,6.668235511258765
Kakrao,9.59385863267671
Kaksingiri West,96.77628263279917
Kakuma,134.5082759131659
Kakuyuni,61.09104351499787
Kakuzi/ Mitubiri,22.303909952606627
Kalaliyo,50.70379947170737
Kalama,32.57698563543989
Kalapata,314.41261023102976
Kalawa,119.41546447695791
Kaler,38.66063694267516
Kalimoni,31.03765068685168
Kalobeyei,275.30681781144256
Kalokol,136.32371256826247
Kaloleni,70.63245687542496
Kamacharia,29.285333096148722
Kamagut,14.052367601246107
Kamahuha,27.873512632436828
Kamakwa/Mukaro,8.637274803349403
Kamara,43.986466552717246
Kamariny,23.975674610990737
Kamasian,89.54514579191516
Kambiti,31.074991310392747
Kamburu,23.998364810726827
Kamenu,2.3127173373075016
Masogo/Nyang'oma,25.82724811397628
Kamukuywa,15.353367875647672
Kamwangi,13.95199537304801
Kanamkemer,54.84569621442218
Kang'atotha,125.26503006692089
Kangai,37.12467091295116
Kangare,52.53725721881693
Kangemi,0.0
Kangeta,75.67632407980831
Kangundo Central,25.83913000881748
Kangundo East,31.20070680802827
Kangundo North,30.797411786612045
Kangundo West,27.481157873674377
Kanjuiri Ridge,26.339491667341917
Kanuni,147.3371253308167
Kanyadoto,58.9623180131316
Kanyaluo,32.202849035844565
Kanyamwa/Kalogi,42.38646004378764
Kanyamwa/Kosewe,61.42371146582188
Kanyangi,177.2511174158372
Kanyeki-ine,32.74905191578395
Kanyenyaini,74.33036559954533
Kanyikela,54.76052027543994
Kanziko,234.5033743261234
Kapchemutwa,71.06022458820104
Kapchoki,105.5027310499369
Kapchorwa,93.5587734694963
Kapedo/Napeitom,318.78700066785996
Kapenguria,46.341539607933065
Kapkangani,13.227937848845981
Kapkateny,30.9100973064448
Kapkatet,11.031213872832367
Kapkugerwet,28.038496791933994
Kapkures,7.61166524175929
Kaplamai,11.556898116632626
Kaplelartet,47.61671325163052
Kapletundo,20.505888999956547
Kapomboi,26.0648468650046
Kapropita,59.38038333430726
Kapsabet,23.666477198198596
Kapsaos,46.3269098417068
Kapsasian,57.36756180733164
Kapsimotwo,31.459814798637204
Kapsoit,51.3089830051254
Kapsokwony,23.654024441635077
Kapsowar,97.44408153628214
Kapsoya,3.037180796731358
Kapsuser,27.88858321870703
Kaptagat,24.195509504242178
Kaptama,34.72683171629307
Kaptarakwa,38.126330612439716
Kaptel/Kamoiywo,30.651043371522082
Kaptembwa East,0.4109589041095891
Kaptembwa West,0.9963369963369964
Kaptumo/Kaboi,65.3670665364765
Kaputei North,50.375332635239666
Kaputir,139.85254755193398
Kapyego,135.30460608891093
Kapyemit,1.2116457461645747
Karai,5.2591087811271295
Karama,80.7018557955583
Karare,222.0931945587083
Karatina Town,16.7669496592132
Karau,38.564172439833214
Karen,2.335642628998156
Kargi/South Horr,366.7133971838054
Kariara,42.47168171990868
Karima,14.14136827984728
Karingani,71.37362691982702
Kariobangi North,0.0
Kariobangi South,0.0
Kariti,26.38604736890612
Karumandi,103.40333655187212
Karuna/Meibeki,41.54099281221922
Karura,1.2288164665523154
Karuri,0.5811836115326252
Kasarani,0.0
Kasei,197.76506756691023
Kasemani,35.08418655826888
Kasemeni / Vanga,64.10648104929054
Kasgunga East,65.26064633828514
Kasigau,130.53966967271256
Kasikeu/Kiou,67.050287320268
Katangi,47.69685332883206
Kathiani Central,22.751534072558933
Kathonzweni,128.55896171661666
Katilia,485.03186089838874
Katilu,163.75877330090748
Kauwi,73.43856861642293
Kawangare,0.0
Kayafungo,52.946137641324796
Kayole Central,0.0
Kayole North,0.0
Kayole South,0.0
Kedowa/Kimugul,61.673401097670244
Kee,28.338152740196275
Keekonyokie,87.96045524906178
Keiyan,64.49061736132875
Keiyo,51.50795395081109
Kembu,41.431890812250316
Kemeloi/Maraba,38.76441179160444
Kemera,4.204429158627632
Kenyawa-Poka,118.14213088526773
Keringet,95.75724217844729
Kerio Delta,279.4263319127266
Kerugoya,24.202219040801722
Keumbu,4.636827640361211
Khalaba,19.176249294626626
Khasoko,33.689783942384636
Kholera,16.414518482490273
Khorof Harar,181.96590860373794
Kiabonyoru,21.592452830188677
Kiagu,40.04133541903273
Kiamaiko,0.0
Kiamaina,19.78329266726595
Kiambere,98.99664596416964
Kiamokama,19.82092824948227
Kiamwangi,13.306738868832731
Kianjai,33.71695494870396
Kiarukungu,51.92948825738469
Kibarani,20.312637604579482
Kibauni,57.62149639730104
Kibirichia,60.281814547362615
Kibish,726.1377639579647
Kibwareng/Chebilat/Ndurio,48.37344843877507
Kiegoi/Antubochiu,43.718394321380494
Kiganjo,25.53244587562173
Kiganjo/Mathari,5.959727925013479
Kiguchwa,65.33313477289646
Kigumo,21.884249556666127
Kihara,0.0
Kihingo,29.439997186269007
Kihumbu-Ini,14.290747689210223
Kiima Kiu/Kalanzoni,39.90572240980987
Kiine,24.726345811051683
Kiirua/Naari,26.306048722519304
Kijabe,33.25910378843529
Kikumbulyu North,127.86673869352578
Kikumbulyu South,113.3482565647869
Kikumini/Mavau,80.10769098491036
Kikuyu,1.8329770557218186
Kileleshwa,0.0
Kilgoris Central,55.18900920470877
Kilibwoni,16.957397399087988
Kilimani,0.0
Kiliwehiri,278.81625038585946
Kilungu,43.30462737457379
Kimaeti,13.329099248954076
Kimana,118.7289935133292
Kimilili,11.882487950424599
Kiminini,6.998769987699877
Kimintet,99.44882842777614
Kimorori/Wempa,24.02800959732943
Kimulot,102.66550072237845
Kimumu,2.7311812598200262
Kinakomba,143.72592426448182
Kinale,41.4146737644542
Kinamba,67.20583807105457
Kinango,39.39487910848728
Kinanie,25.526251823043264
Kingandole,20.581096605744126
Kinna,175.32555483006323
Kinondo,19.760214144829526
Kinoo,0.0
Kinyona,60.32824840419776
Kinyoro,43.98590722254843
Kiogoro,6.661572454428283
Kipchebor,22.205546965597215
Kipchimchim,35.93495803744353
Kipevu,0.0
Kipini East,207.1266263195962
Kipini West,170.6669221352918
Kipipiri,57.21370482297728
Kipkaren,29.100994644223395
Kipkelion,66.3866307134059
Kipkenyo,2.497685185185185
Kiplombe,13.377962013867952
Kipreres,35.18571562295236
Saimo/ Kipsaraman,111.1792267292435
Kipsomba,25.507320237212745
Kipsonoi,27.457570260666454
Kiptagich,123.73134394341291
Kiptororo,86.71612267790216
Kiptuiya,22.15251283044447
Kirenga,16.47602373309989
Kiriita,36.996552662614526
Kirimari,41.75477442568503
Kirimukuyu,10.91666166316422
Kiru,89.3736382322713
Kisa Central,13.346149098987901
Kisa East,13.595413510428559
Kisa North,24.51376249859566
Kisa West,20.110509209100766
Kisanana,75.40975583948364
Kisasi,99.31237491147573
Kisiara,28.322194199243384
Kisii Central,3.2491946181542546
Kisima,43.13914886866739
Kisumu North,7.144014702196975
Kitengela,36.33337622233658
Kiteta/Kisau,66.79741186136842
Kithimani,31.50510966879495
Kithimu,43.90693153000846
Kithungo/kitundu,65.73571903997494
Kitise/Kithuki,165.40964259160356
Kitisuru,0.29348708786746797
Kitutu Central,0.10421021200358316
Kiunga,432.0944555250398
Kiuu,0.0
Kivaa,71.53451645890767
Kivou,100.2373195060612
Kivumbini,0.0
Kiwawa,199.57712530904925
Kobura,37.92547542603111
Kochia,47.34164336488897
Kodich,77.58502793807823
Koibatek,90.09528318903325
Koisagat/Kapsang,22.042710822806427
Kojwach,21.531453362255963
Kokwanyo/Kakelo,32.64671788030728
Kola,30.582714721176245
Kolowa,123.79872942535376
Kolwa Central,11.918391608391609
Kolwa East,14.674791914387633
Komarock,0.0
Komothai,15.618922574998003
Kondele,0.0
Kong'asis,45.367738746958636
Kongoni,10.581979773214831
Kongowea,0.0
Konyu,18.268118977796398
Korogocho,0.0
Korondile,245.3805727165117
Korr/Ngurunit,390.29083652794066
Kosirai,13.386493947759606
Kotaruk/Lobei,181.2698944230976
Koyo/Ndurio,41.495296389105704
Koyonzo,25.37259979479161
Kubo South,40.62703350734492
Kuinet/Kapsuswa,16.458257299270066
Kuku,179.66255539895286
Kunyak,59.19477183439102
Kurgung/Surungai,36.18086327875823
Kutulo,120.56390966576329
Kwa,22.33692607994568
Kwa Mutonga/Kithumula,78.59337289812065
Kwa Njenga,0.0
Kwa Reuben,0.0
Kwa Vonza/Yatta,78.32081854051864
Kwabwai,58.81694560669457
Kwanza,22.5108031242041
Kware,0.0
Kyangwithya East,85.61825830576726
Kyangwithya West,70.05153947916858
Kyeleni,40.553448813982534
Kyeni North,77.70945198299461
Kyeni South,43.865104466168304
Kyethani/kiomo,117.19434220107524
Kyuso,132.6621513443282
Loita,259.4075283898298
Labisgale,44.75961554286466
Lafey,166.66960221503473
Lag Sure,131.75930408814293
Lagboghol South,141.8672191418084
Laini Saba,0.0
Lake Nakuru National Park,33.056428517597425
Lake Zone,269.189874960781
Lakeview,10.002312925170068
Lakole South,264.44975119498224
Lambwe,63.230532477005475
Landimawe,0.0
Lanet/Umoja,3.656635071090048
Langalanga,0.0
Langas,3.574599542334096
Lapur,361.0412468111793
Lare,23.717052278757972
Barwessa,78.64159996774256
Lelan,88.76118234013555
Lelmokwo/Ngechek,18.2652952927956
Lembus,52.2963402448164
Lembus Central,96.57029322107701
Lembus/Perkerra,72.08259145834816
Lereshwa,48.874749141506506
Leshau/Pondo,44.729453194321174
Letea,267.6912627024828
Libehia,172.72080676314442
Liboi,80.00792998202157
Likoni,0.0
Likuyani,24.547385063707097
Limuru Central,5.716370269037849
Limuru East,14.79247974437977
Lindi,0.0
Litein,17.54026098026734
Lobokat,154.5242870360292
Lodokejek,161.33622247317896
Lodwar Township,65.0669951085618
Logologo,302.8218426171555
Loima,376.61998778932985
Loiyamorok,156.25058928511282
Loiyangalani,345.47253909582525
Lokichar,192.5269291737658
Lokichoggio,225.37137282525356
Lokiriama/Lorengippi,165.24520609239872
Lokori/Kochodin,279.4757363888811
Lolgorian,80.39084479590136
Lomut,115.82472692505436
Londiani,55.68415895481767
London,4.61428291151658
Longisa,30.289555694061082
Loosuk,341.4174785122494
Lopur,329.0664689923413
Lower Kaewa/Iveti,16.069040500135905
Lower Savanna,0.0
Luanda,1.2475912408759127
Luanda South,6.257102523380978
Lucky Summer,0.0
Lugaga/Wamuluma,12.790746730417668
Lugari,28.202183081121305
Lulis/Eyemole,309.2766260745606
Lumakanda,23.46395216400912
Lusheya/Lubinu,17.988156439122797
Lwandanyi,31.473396085227044
Lwandeti,25.98729915837797
Lyaduywa/Izava,14.120452985586825
Maji Moto/Naroosura,162.81384318327855
Melelo,121.22462345494814
Melili,120.44744868070626
MOSIRO(Narok East),128.355738170114
Maai Mahiu,51.827898887690196
Maalamin,256.224369600211
Mabatini,0.0
Macalder/Kanyarwan,29.63492862717456
Machakos Central,2.6062146892655376
Machewa,22.339736713798143
Mackinnon Road,93.16849173582791
Madogashe,172.48279972989954
Madogo,180.9403367423792
Maella,103.80478941169869
Maeni,8.342100709465306
Magadi,189.48730548961709
Magarini,72.1687887418327
Magenche,41.22003474232774
Magogoni,0.0
Magombo,16.448445675592495
Magumoini,93.63122709057406
Magumu,16.287501518280088
Magutu,120.89161469499122
Magwagwa,29.09568143578239
Mahiakalo,3.1663760896637605
Mahiga,64.51433125179632
Mahiga-ini,42.80127795527157
Mahoo,104.5394792773645
Maikona,365.54513221743207
Majengo,0.0
Majoge Basi,18.622041231865616
Makima,95.36057961339468
Makina,0.0
Makindu,135.80561977892162
Makongeni,10.758965658456676
Makutano,34.6613779873711
Makutano/Mwala,33.10837973519136
Makuyu,31.738938443875295
Malaba Central,7.829262150591793
Malaba North,15.118617744127354
Malaba South,10.09162773984908
Malaha/Isongo/Makunga,17.975298476739397
Malakisi/SouthKulisiru,21.99630345291104
Malalani/Endau,307.24969456277574
Malewa West,34.19392246592766
Malindi,44.78458431504546
Malkamari,315.81279686916463
Manda/Shivanga,32.55558977517709
Manga,8.988310125494241
Mangu,12.464087785413431
Manyatta 'B',0.0
Mara,87.8943729076756
Marachi Central,19.98255813953489
Marachi East,28.160306615564064
Marachi North,27.784861620540177
Marachi West,12.190549054905489
Marafa,176.3722029764218
Maraka,21.776575682382123
Marakaru,12.076080414108583
Maralal,139.77060828928217
Marama Central,23.631367575565424
Marama North,21.18529562982005
Marama South,32.20450641608567
Marama West,23.80732539516745
Marani,19.72271983049215
Marenyo/Shianda,20.23347739011278
Mariakani,21.839284366271613
Mariani,57.12849825299365
Mariashoni,74.34477673839918
Marigat,72.93940128540943
Marimanti,76.61096454133482
Maringo/Hamza,0.0
Marmanet,54.89143449228643
Marothile,122.30338650409229
Marsabet central,222.90903052712514
Marungu,85.0366392266946
Masaba,17.609206951732347
Masalani,261.60414940692755
Masige East,19.594833119383825
Masige West,16.577482826871584
Masii,18.44682710549315
Masimba,23.58904109589042
Masinga Central,70.02360511471724
Masol,139.13126944182312
Masongaleni,159.8068115251005
Masumba/Nguu,104.86213930396133
Mata,199.67317749826591
Matapato North,138.18647545567504
Matapato South,180.6125462114205
Matayos South,15.691100497124468
Mathare North,0.0
Matinyani,68.25668235058565
Matisi,3.894474558489248
Matsangoni,52.601604662876895
Matulo,18.552553480895263
Matumbei,100.02059761030442
Matungulu East,46.82039690445174
Matungulu North,40.447624896002544
Matungulu West,36.370769252259414
Matuu,41.5908135379441
Mau Narok,53.251405186865206
Maua Town,36.54920559639554
Mauche,36.409089728606666
Mautuma,29.7097058234941
Mavindini,156.63823467839018
Mavuria,64.33702962628277
Ziwa La Ng'ombe,0.017951425554382262
Mayenje,19.46843054720385
Mayoni,21.060837010295486
Mazeras/mugumo Wa Patsa,8.202356406480119
Mbakalo,23.62016863406408
Mbaruk/Eburu,36.09229732408326
Mbeti,60.47312627131902
Mbeti North,43.40870435217609
Mbeu,44.70347677400968
Mbiri,31.66473988439308
Mbitini,99.4704616588419
Mboghoni,111.12501654658566
Mbololo,174.82221385819648
Mbooni,60.340448981959476
Megun,26.398988600325698
Mekenene,22.302566507503418
Menengai,0.4682043543867212
Menengai west,15.738919129082433
Merigi,40.068028349796315
Metkei,50.96750299708852
Mfang'ano Island,143.96735229349204
Miambani,120.5148866314962
Migosi,0.0
Migwani,108.75958809276561
Mihang'o,2.12450818631806
Mihuu,21.711944284442588
Mikindani,0.0
Mikinduni,159.6093957011707
Mikinduri,74.56074766355141
Milangine,16.70040530786741
Milima,11.73880674718867
Milimani/Milimani,17.57075981274756
Miritini,0.44830404577033095
Mitaboni,19.025810524752107
Mitheru,64.19033355333305
Mitunguu,26.220234971133262
Miwani,14.553550053550051
Mjambere,0.0
Mji Wa Kale/makadara,0.0
Mkomani,0.0
Mkongani,57.44836371254976
Mkunumbi,360.52824878335474
Mlango Kubwa,0.0
Mnagei,41.803993827302655
Mnarani,20.096126631374812
Mochongoi,85.65454545454544
Mogogosiek,10.407725084389352
Mogondo,124.79593842122505
Mogotio,71.2912600954755
Moi's Bridge,12.848043867974273
Moiben,24.204282858401385
Moiben/Kuserwo,79.68742162631423
Mokerero,26.042555593182072
Molo,26.705741880704714
Mosiro,276.00971263487554
Mosop,14.432672653361204
Moticho,32.62793668819648
Motosiet,22.52471204826618
Mountain View,0.0
Mowlem,0.0
Mt. Elgon,232.29857434250493
Mtepeni,9.79276858242228
Mtito Andei,163.6332802473013
Mtongwe,9.018867924528301
Mtopanga,0.3786246893123446
Mua,12.878051163790575
Muchatha,0.24127423822714678
Mugoiri,32.89234120614537
Muguga,1.2917127071823205
Mugumo-ini,8.732391718804546
Mugumoini,8.948448905109489
Mugunda,65.36368763394367
Muguru,27.700032801224577
Mugwe,64.02828006232
Muhoroni/Koru,39.09991742361685
Muhudu,29.05770205861475
Muhuru,78.22997711670479
Mui,155.50474659108463
Mukaa,49.520177054053164
Mukogodo East,134.16151494731088
Mukogodo West,170.3446440505364
Mukothima,120.9854364594812
Mukure,64.12176608937352
Mukurweni Central,29.9516688463069
Mukurweni West,23.061305070656697
Mukutani,108.41871795875235
Mukuyuni,15.919255654777816
Mulango,94.9906796999318
Mumberes/Maji Mazuri,76.72050651230103
Mumbuni North,4.682018784655424
Mumias Central,26.407799999999995
Mumias North,16.500547245530836
Muminji,101.10344334700764
Mumoni,109.09783884961367
Munanda,29.231336266877282
Mungoma,6.920582186362921
Municipality,12.42754789888907
Murarandia,35.36365178066705
Murera,9.345051744760514
Murhanda,21.552421934058284
Murindat,32.976975314761546
Murinduko,58.41748620011419
Muruka,17.68248911542955
Murungaru,40.39581976966077
Musanda,36.38294872746158
Musikoma,6.04852951908341
Mutarakwa,30.356432106955154
Mutha,350.09740703024187
Muthambi,58.776776824237835
Muthara,56.300204779312246
Muthesya,111.33022100993145
Muthetheni,34.34031529864554
Muthithi,29.032785428698357
Muthwani,32.37469692606389
Mutira,111.9332635545321
Mutithi,39.577298265110805
Mutito/Kaliku,175.14667447829487
Mutituni,9.832368768402887
Mutomo,121.50593320800348
Mutonguni,75.96953172336188
Mutu-Ini,0.3641891891891892
Muvuti/Kiima-kimwe,4.254504504504506
Mwaking'oina,27.03836595215906
Mwakirunge,17.34872080088988
Mwalano,92.00536860023577
Mwamonari,30.5863404057612
Mwanamwinga,63.5838883079238
Mwanda/mghange,162.4356020332367
Mwangathia,16.600718685831616
Mwarakaya,33.68861678650244
Mwariki A,0.0
Mwatate,139.2586566621366
Mwavumbo,33.0326861932749
Mwawesa,15.059461000998143
Mwea,61.911200168740784
Mwereni,128.78931220651944
Mwibona,3.7129394708227608
Mwihoko,6.829838226482922
Mwiki,1.7396520695860822
Mwimbi,50.26502945930446
Mwitika/Zombe,185.35951488046706
Mwiyogo/Endarasha,28.991208676879854
Mwonyorero,23.237637362637354
Naikarra,238.6473596467513
Narok Town,79.03212808252293
Nkareta,146.34993643990853
Naathu,94.10833905172693
Nabiswa,8.313138641997707
Nachola,431.56366144018534
Nachu,31.08416401942527
Nairobi Central,0.0
Nairobi South,0.0
Nairobi West,0.0
Naitiri/Kabuyefwe,15.524309946365506
Naivasha East,9.780693681972519
Nakalale,312.47875023597413
Nakuru East,7.241010943199587
Namamali,25.648305565000566
Nambale,15.269356427941705
Namboboto-Nambuku,29.142780409199673
Namwela,17.327684032127333
Nanaam,601.1970290380231
Nandi Hills,13.719856448859915
Nangina,19.772342427093132
Nanighi,246.27625005039587
Nanyuki,5.529530201342281
Naromoru/Kiamathag,51.384541207375264
Ndalani,55.76401793379757
Ndalat,33.22544544895987
Ndalu,22.138640478411148
Ndanai/Abosi,33.90342512550872
Ndaraweta,24.054401208915753
Ndarugu,37.89771197846566
Ndavaya,184.30891240411938
Ndeiya,31.78209481350923
Ndenderu,0.14707217430776218
Ndithini,76.23283819304355
Ndivisi,16.73608440565991
Ndoto,380.68804653651637
Ndumberi,3.7645569620253156
Nessuit,85.47331085519117
Ng'araria,13.220548357939142
Ngando,0.0
Ngara,0.0
Ngare Mara,106.87701720473383
Ngariama,128.17026642140866
Ngecha/Tigoni,5.920493007216293
Ngei,0.0
Ngenyilel,27.90055152192125
Ngeria,11.780374407291083
Ngewa,8.392823017305446
Nginda,120.1200466416183
Ngobit,60.63201709713685
Ngolia,154.57560551903404
Ngoliba,10.197172566056555
Ngomeni,220.05365985352293
Ngong,1.5638169777242628
Nguni,183.79189046035623
Nguumo,156.86119602732984
Nguutani,80.06942309502148
Njabini/Kiburu,39.60632346693103
Njia,79.0639927691786
Njiru,0.0
Njoro,13.888353196099672
Njukiine,43.81994397759101
Nkaimurunya,1.3408304498269894
Nkomo,22.367083153813013
Nkondi,85.31298621413326
Nkuene,94.73606053562662
North East Gem,7.064876177188699
North East Sakwa,21.984514236035647
North Gem,24.363152289669852
North Horr,500.69608928072387
North Kabuoch,47.62910598756027
North Kadem,78.59174152715396
North Kamagambo,29.014202663919356
North Kanyamkago,49.57791809710642
North Karachuonyo,69.37858379314073
North Kinangop,63.49849303537973
North Maragoli,16.5685755043815
North Nyakach,29.363883495145625
North Rachuonyo,14.723633065561025
North Seme,22.99241736530143
North Ugenya,20.215389099387924
North Uyoma,63.554711092195106
North West Kisumu,4.194697674418606
Nthawa,62.7031
Ntima East,2.2751069720614145
Ntima West,5.259327973613687
Ntimaru East,69.25796222252862
Ntimaru West,76.10931863727455
Ntunene,91.17449145996049
Nuu,239.2641496253015
Nyabasi East,50.682906086745234
Nyabasi West,49.23144654088051
Nyacheki,24.96632165605094
Nyaki East,35.72274457643444
Nyaki West,12.081073113207546
Nyakio,24.00054421768707
Nyakoe,5.404133023128508
Nyalenda 'A',0.0
Nyalenda 'B',14.906604651162793
Nyamaiya,30.60953443877549
Nyamasibi,24.54628339875902
Nyamusense/Komoso,26.145019792446764
Nyanduma,34.11750178722298
Nyangati,33.6192737071731
Nyangores,23.491246477606577
Nyansiongo,17.825723387310855
Nyathuna,2.573234200743494
Nyatieko,4.535424354243541
Nyayo Highrise,0.0
Nyiro,322.5967207562584
Nyota,72.22619277989206
Nzambani,70.10338280311538
Nzaui/kilili/Kalamba,64.01522011808976
Nzoia,20.370766378244742
O'llessos,20.016434503669203
Olokurto,184.41319389089054
Ololulung'a,106.78071700737875
Olorropil,85.97586824718856
Olposimoru,154.11278039897357
Obbu,217.526646475318
Ol Moran,154.48074925252115
Oldo-nyiro,201.05828802813033
Olkaria,60.486725549775905
Olkeri,4.639425030475418
Ololmasani,50.52616493325691
Oloolua,2.240210843373494
Ombeyi,22.816049425808924
Ong'ata Rongai,0.14302461899179367
Pangani,0.0
Parklands/Highridge,0.006475111290975315
Pipeline,0.0
Pongwe / Kikoneni,46.2280640516602
Pongwe/Kikoneni,51.77538361083904
Poro,290.44856471700655
Port Reitz,0.0
Puma,172.36684979261065
Pumwani,0.0
Purko,73.41941668032116
Racecourse,2.2251688766574933
Ragana/Oruba,3.1753116651825453
Railways,0.3998745819397994
Ramisi,27.37724227925186
Ravine,64.2394195888755
Rhamu,58.114165651644306
Rhamu Dimtu,190.6921459030595
Riabai,1.0359877488514553
Riana,19.671888412017168
Ribikwo,140.63044906191024
Rigoma,17.942716184733452
Riruta,0.0
Riwo,94.03190308651132
Rombo,193.96189134855885
Ronge,118.35860282395811
Rongena/Manaret,18.881559809740953
Roysambu,0.6655218754666268
Ruai,14.91534623423909
Rugi,38.92671009771986
Ruguru,95.76217356427702
Ruguru/Ngandori,95.44050172526349
Ruiri/Rwerera,37.314386213827525
Ruma-Kaksingri East,74.40617518525556
Rumuruti Township,76.69020920039267
Rurii,32.50584546581436
Ruring'u,1.411764705882353
Ruruma,23.26802218114603
Rusinga Island,79.96923805016566
Rware,0.440536013400335
Rwathia,87.28450111880949
Sagamian,136.02340962698682
Sogoo,124.22850615255119
Sabaki,46.650586569579296
Sabena,207.7023379358204
Saboti,32.53186598652309
Sacho,88.96443927539295
Sagala,130.4566979529504
Sagante/Jaldessa,199.5369375786501
Saka,163.1523729770074
Sala,78.4582530562139
Salama,95.83508305512296
Sambirir,115.59467181001743
Sameta/Mokwerero,10.191459074733098
Sangailu,542.1230515579734
Sangalo/Kebulonik,40.18701067615659
Sanghor/Soba,45.37778325383275
Sango,28.12452253628724
Sankuri,61.1722856598265
Sarang'ombe,0.02398081534772182
Sarman,136.18768200786576
Segera,90.9922634815737
Segero,27.99719253758377
Sekerr,178.48981825899494
Sengwer,94.35230517711165
Sensi,17.857754279959718
Sergoit,15.831904518025343
Sericho,255.8720278029007
Shaabab,0.0
Shaf Shafey,21.456671557511882
Shamakhokho,19.69784374124895
Shamata,109.03540911660077
Shankoe,51.24344460422849
Shanzu,0.7538304392236976
Shauri moyo/Kaloleni,0.0
Shella,177.75228639438737
Sheywe,2.2220739611132294
Shika Adab,1.8946750195771342
Shimanzi/Ganjoni,0.11586784550953934
Shimbir Fatuma,159.22884832774633
Shimo La Tewa,9.534081703506539
Shinoyi/Shikomari,15.477953900463762
Shirere,1.7234789391575662
Shiru,28.1462013014451
Shirugu/Mugai,35.578250375106016
Siana,142.97088656228985
Siaya Town,26.929191716766848
Siboti,18.548826689284716
Sigomere,38.62727526002973
Sigona,3.948888888888889
Sigor,35.622482336813235
Sigowet,38.342218771566614
Sikhendu,14.191379418993003
Silale,213.76350555012058
Silibwet Township,17.255717402012525
Simat/Kapseret,14.802904819247505
Sindindi,23.277505890882743
Singorwet,18.532955418908532
Sinoko,15.877680439330549
Sinyerere,20.63578162020466
Siongiroi,52.292953736654795
Sirende,6.46181339352897
Sirikwa,47.540154344037845
Sitatunga,9.549557662764208
Sitikho,29.19146219415399
Siyoi,31.333333333333332
Soin,36.02813582619186
Sokoke,103.10060367856526
Sokoni,19.702492211838006
Solai,65.98013094824073
Soliat,47.72008395320842
Sololo,94.40269718211785
Songot,424.94827120278705
Sook,170.21731021001096
Sosiani,135.47580576414305
South 'C',0.0
South Alego,43.46068586311677
South Bukusu,20.115140845070425
South East Alego,19.79077586753791
South East Nyakach,35.069689232110605
South Gem,29.693781077106234
South Kabras,15.592450053766477
South Kanyajuok,26.05246056039558
South Kanyamkago,13.245722641969289
South Maragoli,13.414682294879706
South Sakwa,50.05758097324359
South Uyoma,62.52088850039849
South West Kisumu,29.273865077010225
South West Nyakach,41.22920168067229
Soy,34.0225090702668
Soy North,54.81357255484285
Soy South,64.62342276620461
Soysambu/Mitua,38.53471909389279
Spring Valley/Matopeni,0.0
Suam,108.10724885217344
Subukia,51.523778085869566
Suguta Marmar,210.76379241269169
Sukha Central,31.817974159468925
Sukha East,38.6264232258816
Sukha North,22.010740007581184
Sukha South,7.875682338439867
Suna Central,5.068930690569374
Suswa,69.76742555028049
Syokimau/Mlolongo,4.470646344905447
Tabaka,19.63542319749215
Tagare,15.164947820748928
Takaba,89.59701574534955
Takaba South,123.5958951640953
Tala,29.31503711893854
Tambach,54.96750009232934
Tambua,16.805432722678457
Tangulbei/Korossi,160.69266832606255
Tapach,110.2362409603962
Tapsagoi,17.771068370259613
Tarakwa,62.82312260536394
Tarbaj,93.97658692316635
Tebesonik,25.498414296501377
Tembelio,19.76265015632713
Tendeno/Sorget,87.08671332602519
Tenges,104.18358429288452
Terik,25.495073891625623
Tezo,17.843387311344557
Thangatha,83.55923417556657
Thange,143.2317691171458
Tharaka,93.12694238026688
Thegu River,31.557363267728203
Theta,11.75222551928783
Thiba,39.958042645180306
Thingithu,11.745507730881739
Tigithi,38.156195056492344
Timau,71.4575008090241
Timbwani,0.0
Tinderet,125.56328266184745
Tinet,129.9151392802161
Ting'ang'a,4.731262707705253
Tirioko,203.55844196475132
Tiwi,7.792382422955672
Tongaren,31.432578972182913
Tononoka,0.0
Township(Bungoma),0.5357142857142857
Township(Garissa),0.0
Township(Kiambu),2.136674718196457
Township(Kitui),57.551308188922874
Township(Mandera),34.844921905970025
Township(Moyale),4.347003154574133
Township(Murang'a),24.891131498470944
Township(Nyamira),18.074686256504435
Township(Thika),5.972651871777629
Township(Wajir),3.8129302128560814
Tseikuru,233.9837632410054
Tsimba/Golini,24.53270619819743
Tudor,0.0
Tulimani,34.36420544922777
Tulwet/Chuiyat,30.463243873978996
Turbi,402.42204990439166
Turi,39.291501223278374
Turkwel,169.30752664832497
Marakaru/Tuuti,6.525204254663174
Tuwani,0.17082388510959942
Ugunja,25.200257152041132
Ukia,43.363386775647044
Ukunda,2.9583248420623596
Ukwala,28.873293844965232
Umoja One,0.0
Umoja Two,0.0
Upper Kaewa/Iveti,14.790533447848079
Upper Savanna,0.0
Uran,320.51693495145327
Usonga,67.66397938523839
Utalii,0.0
Utawala,0.0
Uthiru,0.0
Uthiru/Ruthimutu,0.0
Visoi,29.288702994785535
Viwanda,17.517810053995227
Viwandani,0.0
Voo/kyamatu,182.45152424020125
Wusi/Kishamba,110.90599984148376
Waa,9.79500941619586
Wabera,27.23814694173
Waberi,10.98247623410835
Wagalla,29.216047516198717
Wagberi,6.268403555193702
Waia/Kako,61.359604087060426
Waita,114.77543242976662
Waitaluk,10.442772769661177
Waithaka,0.010727056019070322
Waldai,37.98785174166356
Wamagana,28.32687777023518
Wamba East,162.75830562609616
Wamba North,300.33387712723743
Wamba West,140.30106946475127
Wamumu,50.3703286941072
Wamunyu,33.884634112409564
Wang'chieng,45.21637135474346
Wangu,25.88598264953363
Wanjohi,84.8728244955121
Waranqara,152.42819017230718
Wargadud,98.01638857165393
Wasimbete,23.54816490181966
Waso,202.86374357017786
Wasweta II,7.698927428965691
Watamu,46.91531485502618
Wayu,373.8775382082032
Wei Wei,128.8619794633122
Wemilabi,5.983508932661478
Weru,32.56940524858235
Werugha,127.49540078843626
West  Asembo,40.28929908351621
West Alego,36.20029455081003
West Bukusu,9.761196641007695
West Bunyore,4.69159939455096
West Gem,21.26107205230397
West Kabras,31.087189238678775
West Kanyamkago,35.65946106892958
West Karachuonyo,81.92149270346798
West Kasipul,20.889437958186264
West Kisumu,10.699618295917709
West Nalondo,11.987920779937454
West Nyakach,44.450789202790794
West Sabatia,13.811540595524319
West Sakwa,44.40778535516949
West Sang'alo,8.630451888489208
West Seme,64.41948993288594
West Ugenya,31.27301450524199
West Uyoma,66.21894139987695
Wiga,16.025412960609916
Witeithie,8.967646071993482
Witu,244.0359773944241
Wodanga,16.610406937958643
Woodley/Kenyatta Golf,0.0
Wote,48.49286159817032
Wumingu/kishushe,185.6774272066206
Wundanyi,125.71781264420855
Yala Township,9.298055859802847
Yimbo East,59.66241555905385
Yimbo West,107.19158641662436
Zimmerman,1.178915135608049
Ziwa,13.524678638013931
Ziwani/Kariokor,0.0
Kabuoch South/Pala,67.75475195204672
Homa Bay Central,31.550673762880763
Homa Bay Arujo,29.61637426900585
Batalu/Buna,185.08047801292093
