Ward,density_2015,density_2020,delta_2015_2020
Got Kachola,213.86108001101235,238.06192937448606,24.200849363473708
Kachieng',135.6132568535913,150.96244986627576,15.349193012684452
Kendu Bay Town,308.49425341097947,343.41073596980635,34.916482558826885
Abakaile,17.99947830356572,27.8944127069627,9.89493440339698
Abogeta East,492.2908871677709,544.5873043992083,52.296417231437374
Abogeta West,211.5382949945553,234.0101608541157,22.47186585956041
Abothuguchi Central,668.780605352827,739.8256650381843,71.04505968535727
Abothuguchi West,201.91765204847917,223.36751085328115,21.449858804801977
Adamsajide,33.11823852430452,51.31860837899618,18.200369854691658
Adu,9.831551803214863,11.367815218526067,1.536263415311204
Baraki,11.955027883128107,18.52711928674454,6.572091403616433
Ageng'a/Nanguba,354.2915557974375,402.70171727733765,48.410161479900125
Ahero,649.5588172830579,723.0782033619653,73.51938607890736
Ainabkoi/Olare,184.24891848247472,220.49876676205375,36.24984827957903
Ainamoi,420.70450362476936,503.1666033225333,82.46209969776396
Airbase,31890.727349993405,38590.42864614747,6699.701296154064
Airport,4163.820457131098,4814.452760083779,650.6323029526811
Akachiu,500.8134651993425,554.015243062497,53.20177786315452
Akirang'ondu,483.8461981995069,535.2455328602023,51.39933466069539
Akithi,456.2213926649742,504.68612410872527,48.46473144375108
Alale,47.90811222897781,57.328211870451725,9.420099641473918
Alango Gof,91.36522777004494,141.59184865416373,50.22662088411879
Amalo,293.5397178510775,351.2918598403537,57.7521419892762
Amuathi,111.25538846134162,123.07412977404597,11.818741312704347
Amukura Central,476.2589459185834,541.0173806273447,64.75843470876129
Amukura East,426.24063289824727,484.1979226452944,57.95728974704713
Amukura West,453.8160406829149,515.5490167840163,61.73297610110143
Angata Barikoi,103.1877863721259,122.15696884849844,18.969182476372538
Ang'orom,1391.6040238697933,1587.2554708645596,195.65144699476627
Ang'urai East,480.9408222867043,546.3358710883118,65.39504880160752
Ang'urai North,458.27020711002115,520.5263116150396,62.25610450501847
Ang'urai South,451.07412960640005,512.4145831788536,61.340453572453555
Angata Nanyokie,25.679709640550264,30.732035445555958,5.052325805005694
Antuambui,140.01685935217427,154.89095414258202,14.874094790407753
Arabia,46.955931019624025,72.65426566373924,25.698334644115214
Arbajahan,14.022598136626625,21.730922896731208,7.708324760104583
Arror,130.67411097637077,156.38344405211836,25.709333075747594
As-habito,27.070259972736427,41.951716381207845,14.881456408471418
Athi,9.256106326954693,10.23942195313564,0.9833156261809464
Athi River,587.1777734948437,651.923841118042,64.74606762319831
Athiru Gaiti,58.97539317303443,65.24039296082017,6.26499978778574
Athiru Runjine,407.52982823293314,450.82201856976275,43.292190336829606
Athwana,171.1699156161035,189.35341940685458,18.183503790751075
Atuabetwe Kiongo,294.92927647793834,326.2598276599637,31.330551182025374
Awasi/Onjiko,333.4315692531635,371.1975917992042,37.76602254604069
Baawa,15.338532699385873,18.35629525034692,3.0177625509610486
Babadogo,19004.37365363626,22996.870404738154,3992.496751101895
Bahari,100.29712173392603,115.96939773172252,15.67227599779649
Bahati,454.9488499995164,544.2762268563166,89.32737685680019
Balambala,24.31429833916194,37.68070730413908,13.366408964977136
Bamba,31.173059409417494,36.04411477968764,4.871055370270145
Bamburi,4193.920308207419,4849.255981687913,655.3356734804938
Banane,7.233908766237179,11.210638072055794,3.9767293058186146
Bangale,4.783279494062238,6.125712100279466,1.342432606217228
Banissa,84.5026217949812,130.9566295079556,46.4540077129744
Banja,992.500659819089,1127.6877700760738,135.18711025698474
Baragwi,710.2249817761152,770.5563123175003,60.331330541385114
Malindi Town,2585.7232554014477,2989.764463507908,404.04120810646054
Bartabwa,28.852816665367133,34.52943166536577,5.6766149999986375
Tirioko,108.10733889977698,129.37679592839305,21.269457028616074
Barut,689.754248310166,825.4591804070511,135.70493209688516
Barwago,972.7349613603408,1507.4809609954473,534.7459996351065
Bassi Bogetaorio,968.8162383287575,1078.6428938194924,109.82665549073488
Bassi Central,873.0253562906971,971.8374861365681,98.81212984587103
Basuba,0.8625156833598671,1.0076710828686974,0.14515539950883039
Batei,124.3848776405329,148.856842325456,24.471964684923094
Benane,41.96605759364629,65.01842798086452,23.052370387218225
Biashara,1299.0039264106952,1498.363715589629,199.35978917893385
Bibirioni,1068.7370394697036,1159.5247225594344,90.78768308973076
Bidii,1144.6941350407458,1369.905708584185,225.21157354343927
Birongo,940.062446994838,1046.4620688559382,106.39962186110029
Bobaracho,1491.3446994388325,1660.140408176387,168.79570873755438
Bobasi Chache,1000.221482003643,1113.430130689074,113.20864868543106
Bobasi/Boitangare,899.0732559267944,1000.8335760122274,101.76032008543291
Bofu,16206.39801150591,18738.785342485473,2532.3873309795636
Bogeka,1026.1425204190339,1142.2850235204382,116.14250310140437
Bogertenga,859.7134288113223,957.0188743733415,97.30544556201926
Bogiakumu,1471.8339627619418,1638.4213954635313,166.58743270158948
Bogichora,962.1155671719287,1071.011250941525,108.89568376959642
Bogisero,796.9103118965685,887.1074721701833,90.19716027361483
Boikanga,787.3692484909492,876.4865224109541,89.11727392000489
Boito,265.6508398891486,317.91602082666134,52.26518093751275
Bokeira,815.2334974117001,907.6584612177837,92.42496380608361
Bokeire,834.3005139364005,928.7296306295339,94.42911669313332
Bokimonge,873.5434666499896,972.7165641345214,99.17309748453181
Bokoli,644.7515625614888,732.4204722426676,87.66890968117889
Bomani,2217.686715799814,2564.219201553968,346.5324857541541
Bomariba,958.4064948609966,1066.8823651036396,108.47587024264294
Bomwagamo,766.4765298198796,853.2290893247398,86.75255950486019
Bonyamatuta,1052.4115489882752,1171.5272551748214,119.11570618654628
Boochi Borabu,1114.0666245185157,1240.3098518635375,126.24322734502175
Boochi/Tendere,1165.4115076613634,1297.3169641910836,131.90545652972014
Borabu Masaba,1033.1662602719894,1150.1037198985805,116.93745962659114
Borabu/Chitago,965.2500262000303,1074.585901375367,109.3358751753367
Bosamaro,943.0911257630911,1049.8335538082933,106.74242804520225
Bosoti/Sengera,903.1780043035163,1005.4029165386498,102.2249122351335
Bukembe East,608.4661649919226,691.2012369254174,82.73507193349485
Bukembe West,758.3736274747005,861.4920842511013,103.11845677640088
Bukhayo Central,456.07510374693766,518.0890829271506,62.013979180212914
Bukhayo East,429.7050498585338,488.13340946812144,58.42835960958763
Bukhayo North/ Walat,422.1526423678413,479.55407367984407,57.401431312002785
Bukhayo West,642.7331325294771,730.6140352782526,87.8809027487755
Bukira Central/Ikerege,377.45767245788255,420.1796834590468,42.722011001164276
Bukira East,597.0586871530197,664.6523572601176,67.59367010709786
Bulla Pesa,2213.4226947898837,2448.5561576458626,235.1334628559789
Bumula,557.7433584310306,633.5814890979223,75.83813066689163
Bunyala Central,598.7378642981729,680.1501477733965,81.4122834752236
Bunyala East,579.9718931771639,658.8325084921112,78.86061531494727
Bunyala North,403.25005068616554,458.0774503204207,54.82739963425519
Bunyala South,209.4397801395978,237.90242953623317,28.462649396635385
Bunyala West,467.94843959536286,531.6024000015481,63.653960406185206
Bura,9.842232241276712,14.053266150333398,4.211033909056686
Burat,25.843931554189343,28.64553291562478,2.801601361435438
Burder,5.991530726210029,9.285281939976814,3.293751213766785
Burumba,3535.3415523211374,4026.1062872905386,490.76473496940116
Busali,1121.3700146334113,1273.8462601065771,152.47624547316582
Busibwabo,450.5709319562886,511.83648134922913,61.26554939294056
Butali/Chegulo,522.35752003435,593.384121730681,71.026601696331
Bute,84.08704901590403,127.20901719019027,43.12196817428624
Butiye,9.927227820848183,10.987006082603642,1.0597782617554596
Butsotso Central,622.6566802009512,707.321289780279,84.66460957932782
Butsotso East,825.4997790841495,937.7455965721897,112.24581748804019
Butsotso South,663.9285824276678,754.2050569745952,90.27647454692737
Bwake/Luuya,639.0776606906252,725.975068394598,86.89740770397282
Bwiri,318.3307993308452,361.55039330345045,43.21959397260525
Califonia,38506.434171434856,46595.98396236795,8089.549790933095
Central,206.2946895561039,227.4241649488002,21.12947539269632
Central Alego,316.1502313572575,351.9332461717629,35.78301481450541
Central Bunyore,1116.268190439203,1268.0507177169368,151.78252727773383
Central Gem,535.0634883605735,595.8937314015216,60.83024304094806
Central Kamagambo,987.2380495898776,1098.9771797687908,111.73913017891323
Central Kanyamkago,348.77201733514397,388.24728121320885,39.47526387806488
Central Kasipul,433.24941029059687,482.286130385874,49.03672009527713
Central Kisumu,727.7881360852484,810.1618160717262,82.37367998647778
Central Maragoli,1508.4552435228118,1713.5646515928984,205.1094080700866
Central Nyakach,348.0770772463737,387.4736874505969,39.39661020422324
Central Sakwa,139.25283486602922,155.01396872566227,15.761133859633048
Central Seme,242.19658251987127,269.6092563102182,27.41267379034693
Chaani,9918.5829653474,11468.445549630515,1549.8625842831152
Chaik,186.0233965871957,222.62236202945138,36.59896544225569
Chakol North,423.67604597519926,481.3092664469255,57.63322047172625
Chakol South,520.518595140628,591.7100665692315,71.19147142860345
Chala,14.40334202168929,16.47440538158112,2.0710633598918307
Changamwe,5809.161426278326,6716.892224245364,907.7307979670377
Charagita,223.0824968870988,242.25575584675434,19.173258959655527
Chari,1.5419403853474087,1.7062002847609372,0.16425989941352848
Chasimba,296.6162057527255,342.96500604146706,46.348800288741586
Chavakali,1478.7361682163362,1679.8045999090962,201.06843169276
Chawia,12.163320571442673,14.061751985946009,1.8984314145033352
Cheboin,621.9800621421849,744.3508368808263,122.37077473864133
Chebukwabi,757.127402295782,860.07640503674,102.94900274095801
Chebunyo,358.87350246014654,429.479668940733,70.60616648058647
Chekalaini,538.788286400235,612.183885494073,73.39559909383797
Chemagel,685.2763481931111,820.1002794184571,134.8239312253461
Chemaner,477.1602491506165,571.0386078858601,93.87835873524358
Chemelil,198.66669886395587,221.86044961317447,23.193750749218594
Chemelil/Chemase,162.29101865113688,193.9228516911545,31.631833040017625
Chemosot,648.9479799793546,776.6245268910646,127.67654691171003
Chemuche,489.2808613359597,556.0057249986064,66.72486366264673
Chemundu/Kapng'entuny,526.8578810984204,630.5139547776831,103.6560736792627
Chengoni/Samburu,56.51181065490431,65.34226086265815,8.830450207753842
Chepareria,103.27240637964648,123.59062095162719,20.318214571980704
Chepchabas,201.11317275663407,240.6809614221178,39.56778866548373
Chepchoina,137.53486467929156,164.92449304863527,27.38962836934371
Chepkorio,287.7702728813272,344.387313137209,56.61704025588182
Chepkumia,318.944561291681,381.4096945086986,62.46513321701758
Chepkunyuk,389.2716807214164,465.8585047455172,76.58682402410085
Cheplanget,698.5324627735769,835.9644555918833,137.4319928183064
Chepseon,262.6769557380198,314.27934788551937,51.602392147499586
Chepsiro/Kiptoror,309.165156127879,369.991512180543,60.82635605266398
Cheptais,721.5948809936225,819.4814057103375,97.88652471671503
Chepterwai,334.27272360967225,399.3058955622512,65.03317195257893
Cheptiret/Kipchamo,243.5271041225276,291.4395721077506,47.91246798522303
Cheptororiet/ Seretut,646.7485088938405,773.992325820407,127.24381692656652
Chepyuk,282.0637456842271,320.4168459863898,38.35310030216266
Cherab,2.0540181176830434,2.357368354064056,0.30335023638101255
Cherangany/Chebororwa,221.50127638123027,265.08029876039467,43.5790223791644
Cherangany/Suwerwa,368.0454168098278,440.4561012776481,72.41068446782026
Chesikak,684.831820401463,777.9505773388152,93.11875693735215
Chesoen,682.5357847462436,816.820526922217,134.2847421759734
Chevaywa,718.4821023938825,816.1763829585708,97.69428056468826
Chewani,58.80080838625737,68.00368546709073,9.20287708083336
Chewele,8.152730260667905,9.434379936938736,1.2816496762708312
Chiakariga,124.13667043018204,137.3237984993645,13.187128069182464
Chilchila,354.8309533820235,424.40260496515447,69.57165158313097
Chinga,106.84766881168862,115.92403564810618,9.076366836417563
Chogoria,168.0350142227196,185.88549627161575,17.85048204889614
Chuluni,98.62427650696289,109.10120515904758,10.476928652084695
Churo/Amaya,61.65992991261906,73.79114415569175,12.13121424307269
Cianda,708.3565425254455,768.5291544588424,60.172611933396865
Clay City,9610.241717932156,11431.833498519565,1821.5917805874087
Dabaso,251.47718369904283,290.77262982384735,39.29544612480453
Dadaab,514.4830346197032,797.3121235952701,282.82908897556695
Dadaja Bula,11.025131151614579,17.08386350959186,6.0587323579772825
Dalalekutuk,50.392108087141764,60.30644718085048,9.914339093708719
Damajale,8.10039688350047,12.553460858033127,4.4530639745326575
Danaba,28.27266746949734,43.81512843234332,15.542460962845983
Dandora Area Four,32236.72671219206,39009.12024787105,6772.393535678988
Dandora Area Three,40913.30787852113,49508.50337441315,8595.195495892018
Dandora Area Two,39361.30297614533,47630.44336411559,8269.140387970263
Dandora Area one,46252.59555171997,55969.48454154554,9716.888989825573
Dandu,81.33061880163444,126.04086817029943,44.71024936866499
Danyere,34.72231413773107,53.79214997028097,19.0698358325499
Dedan Kimathi,86.62034504880154,93.97846680954031,7.358121760738769
Dekaharia,14.83937201684198,22.99708688773497,8.15771487089299
Dela,41.84753973096691,64.8525765103719,23.005036779404996
Derkale,98.3968529290248,152.48899854898679,54.09214561996198
Dertu,20.304532556185976,31.466634984260576,11.1621024280746
Dukana,3.16865158128257,3.506986064464222,0.3383344831816517
Dundori,606.6843986483187,725.5306354850796,118.84623683676091
Dungicha,69.25662603614623,80.0785618342002,10.821935798053971
Dzombo,200.1135066616759,231.38294153189054,31.26943487021464
East Alego,561.6327723271096,625.2003837638146,63.567611436704965
East Asembo,314.7171684051347,350.3379811327211,35.62081272758638
East Bunyore,1095.3487841879032,1244.286813494955,148.9380293070517
East Gem,452.3832984343847,503.6700095268413,51.286711092456585
East Kabras,524.928960142642,596.4005917443309,71.47163160168884
East Kamagak,420.42376453228053,468.0088312735888,47.58506674130825
East Kamagambo,484.44600097480765,539.2773312277182,54.831330252910504
East Kano/Wawidhi,225.14243051003993,250.62995089976394,25.48752038972401
East Kanyamkago,427.3770296571155,475.7549771280119,48.3779474708964
East Sang'alo,576.1124184409683,654.4482477372914,78.33582929632303
East Seme,405.8620117639147,452.08146277394655,46.21945101003183
East Ugenya,377.411113371008,420.656907045715,43.24579367470699
East Wanga,670.6232906202733,761.8100623605723,91.18677174029892
Eastleigh North,45676.49431570593,55272.35300205428,9595.85868634835
Eastleigh South,36573.070069573994,44256.452833488795,7683.3827639148
Ekalakala,127.41523097948522,140.9506442168098,13.535413237324576
Ekerenyo,1167.0572107088472,1299.1489807973685,132.09177008852134
El Wak North,136.5545908783665,211.59509129496067,75.04050041659417
El Wak South,551.9162969820923,855.2883291145907,303.3720321324985
El-Nur/Tula-tula,35.27469581726198,54.666413560977894,19.391717743715915
El-barta,15.247551662721545,18.24741443390083,2.9998627711792842
Elben,21.332360781947955,33.05949575671288,11.727134974764923
Elburgon,414.7294135298376,496.3248924152949,81.59547888545734
Eldas,33.0237077019652,51.177979313390765,18.154271611425564
Elementaita,117.46039424292235,140.5700084244081,23.10961418148574
Elugulu,520.5126842057708,591.2884452098182,70.77576100404735
Emabungo,1439.7344914291286,1635.0701575513963,195.33566612226764
Emali/Mulala,237.2902007319406,262.5826853573284,25.2924846253878
Embakasi,3807.0183596388415,4588.297528934143,781.2791692953015
Embobut,130.06797979414014,155.65806027089468,25.590080476754537
Embomos,126.7632403386568,151.70313181574525,24.93989147708845
Emining,39.48254581206754,47.250495458695,7.767949646627457
Emsoo,85.4785085737177,102.29588254110908,16.817373967391376
Embobut/Embulot,149.32068436824196,178.69580347463128,29.37511910638932
Endo,137.64930889959444,164.73096846017052,27.08165956057607
Endugh,37.17042194035091,44.48347513745406,7.3130531971031445
Engineer,242.45367922862215,264.0437233480965,21.590044119474328
Entonet/Lenkism,13.246925064849036,15.90263812521273,2.655713060363695
Esise,342.5088681768912,381.5675446605266,39.058676483635395
Etenje,647.3639562845214,734.8818705743514,87.51791428983006
Evurore,128.2788927453373,141.9060537003195,13.627160954982202
Ewalel/Chapchap,158.48849101329412,189.67013211178897,31.18164109849485
Ewuaso O o Nkidong'i/M,23.16573626155315,27.67624546374423,4.510509202191081
Fafi,10.289765168638343,15.946404165348273,5.65663899670993
Faza,92.57477586906047,107.04037086713436,14.465594998073882
Fino,28.670634005291838,44.386554303592554,15.715920298300716
Frere Town,10245.422149435446,11846.356530850822,1600.9343814153763
Gaaki/Aguthi,615.5634132521203,667.8535498947393,52.29013664261902
Gachuba,940.304908244895,1046.7319701046956,106.42706185980057
Gaichanjiru,699.893404718655,759.347110116821,59.453705398165994
Gakawa,121.36192660814856,133.87357887599364,12.51165226784508
Galbet,3713.429345198352,5754.385002617884,2040.9556574195321
Ganda,802.2299147230508,927.5851530275703,125.3552383045195
Ganga,533.4572164893127,590.1267609140499,56.66954442473718
Ganyure,21.422646610202136,33.19941475861744,11.776768148415307
Garashi,80.31385685296564,92.8635785785502,12.549721725584561
Garba Tulla,5.208481161312099,5.943996336714777,0.7355151754026785
Garsen Central,74.28467698102338,85.8922886300712,11.607611649047826
Garsen North,10.891273009737906,12.606237355596166,1.7149643458582595
Garsen South,31.14968491866958,36.01708761140066,4.867402692731083
Garsen West,0.9245233363538048,1.0689075863127053,0.14438424995890053
Gatanga,674.4040343281806,731.6924918298976,57.28845750171695
Gatarakwa,87.926864688265,95.3965520222316,7.469687333966604
Gathaite,251.59077030739638,272.96259768963836,21.371827382241975
Gathanji,226.56794842674458,248.6094416504757,22.041493223731123
Gathara,203.34802668692188,220.62178943827658,17.273762751354695
Gatimu,460.37345839615034,508.0983070461112,47.72484864996085
Gatina,34792.24312327243,42101.503162430905,7309.260039158478
Gatitu/Muruguru,536.611633377716,582.1950693538319,45.58343597611588
Gatongora,278.961759888765,305.54751539104865,26.585755502283632
Gatunga,45.46031504096316,50.28959752129049,4.829282480327329
Gaturi,373.2717541959608,404.97999527014366,31.708241074182865
Gaturi North,734.4167318252197,812.4343563675727,78.01762454235302
Gaturi South,707.7439950447862,782.9281546988764,75.1841596540902
Gem East/Rangwe,436.1776055224381,485.5457495197238,49.3681439972857
Gem West,406.73017623017824,452.76534870515536,46.03517247497712
Gembe,167.74993680326565,186.73647372879944,18.986536925533784
Gesima,756.6537199409934,842.2944892265128,85.64076928551947
Gesusu,867.7349644030278,966.1053181610772,98.37035375804942
Geta,238.66332269445903,258.9370069476787,20.27368425321967
Getenga,767.3356022831094,854.3236359439837,86.9880336608743
Gikondi,559.5710383608268,607.1048067669059,47.53376840607905
Gilgil,387.245138186372,463.1134703317064,75.86833214533442
Gisambai,1098.8879237914355,1248.307189795676,149.41926600424063
Gitaru,2510.115509766094,2723.341831584714,213.2263218186199
Githabai,246.5547348834828,269.40705186839693,22.852316984914125
Gither,71.60902117811253,109.81150614049004,38.20248496237751
Githiga,775.1815341744996,841.0307244690835,65.84919029458388
Githumu/Gichagi-ini,546.3957303824878,592.8103022141747,46.414571831686885
Githunguri,1034.4081785015169,1122.2778492754042,87.86967077388726
Githurai,20610.467295462982,24876.20478695993,4265.737491496948
Gitothua,558.5090140561117,608.7542773971454,50.245263341033706
Gituamba,370.712863374492,402.20373255395725,31.490869179465278
Gitugi,563.3280701130903,611.1809842566787,47.85291414358835
God Jope/Kwa,570.8281332409617,635.4364961054218,64.6083628644601
Godoma,107.85475972141988,164.39602736861482,56.54126764719494
Gokeharaka/Getembw,414.9307316886122,461.87307252773405,46.94234083912187
Golbo,21.29726432661979,24.097372012737836,2.8001076861180465
Gombato/Bongwe,1049.200233121981,1213.1466828860434,163.94644976406244
Gongoni,168.90268029539845,195.2951570980347,26.392476802636253
Goreale,11.801304360143062,18.288888764112105,6.487584403969043
Gurar,35.48004497864553,54.09295633119786,18.61291135255233
Guticha,23.287233304305225,36.089029206586744,12.801795902281519
Gwassi North,104.48075760045732,116.30626277787212,11.825505177414797
Gwassi South,143.4725834027988,159.71132287787225,16.23873947507346
Habaswein,15.867671361815122,24.590620971938506,8.722949610123385
Hadado/Adhibohol,12.768911449499385,19.78810208801029,7.019190638510906
Harambee,20741.64337713068,25099.11199243241,4357.468615301728
Heillu,330.5044959216582,365.67886215359886,35.17436623194067
Hellsgate,378.4586077961484,452.91802188639684,74.45941409024846
Hindi,10.734638852995051,12.415411764899217,1.6807729119041657
Hiriman,4.727737325742561,5.465548188676381,0.73781086293382
Homa Bay Arujo,967.602526241574,1077.119222884585,109.51669664301107
Homa Bay Central,327.248576864844,364.2877387981033,37.03916193325932
Homa Bay East,367.12463851210214,408.67712071567854,41.5524822035764
Homa Bay West,312.8528309907211,348.26263423762106,35.40980324689997
Hongwe,72.27375369798682,83.56714100982462,11.293387311837805
Hospital,2057.3157644314138,2385.4075797518703,328.0918153204566
Hulugho,6.881931740438173,10.6588603782692,3.776928637831027
Huruma,118749.87821852994,143697.22152838908,24947.34330985915
Ibeno,754.6146269429769,840.024607013864,85.40998007088717
Ibrahim Ure,13.445801476169201,20.835914767188292,7.390113291019091
Ichagaki,482.30484555102277,523.2750940047399,40.97024845371715
Ichuni,977.6048419331072,1088.2536492671047,110.64880733399752
Idakho Central,882.9351464370357,1002.9906228269878,120.0554763899521
Idakho East,853.322633415443,969.3516254305625,116.02899201511957
Idakho North,730.1607821014325,829.4430472722407,99.28226517080827
Idakho South,985.6482267772416,1119.6699387861788,134.02171200893724
Iftin,166.3712983895136,257.6307506861493,91.25945229663571
Igambang'ombe,160.52832231376217,177.58136278016536,17.05304046640319
Igembe South,145.73067273572477,161.2117474333511,15.481074697626326
Igoji East,478.75204033156314,529.6102218394717,50.85818150790857
Igoji West,192.71928134488525,213.19198971732632,20.472708372441076
Igwamiti,263.4723442933397,314.92600763527946,51.45366334193977
Ijara,12.241575314928594,18.96290833404136,6.721333019112764
Ikanga/Kyatune,85.59894179857804,94.69217998094663,9.093238182368594
Ikinu,1090.5914249190037,1183.233662182309,92.64223726330533
Ikombe,118.01609384801247,130.55302980082186,12.536935952809387
Ikutha,26.093398632107828,28.865319406892418,2.77192077478459
Ilchamus,77.56066456664371,92.82025135566859,15.25958678902488
Ildamat,32.156098437582315,38.482613959519824,6.326515521937509
Ildamat (Narok East),42.00858116829693,50.27351249473467,8.26493132643774
Ilima,374.2073317723837,413.9596498362489,39.752318063865175
Ilkerin,325.85066749847465,389.9597913438525,64.10912384537784
Illeret,1.7857888453195456,1.977781839340009,0.19199299402046344
Ilmaroro,25.072561107979507,29.9886457992234,4.916084691243892
Ilmotiook,229.60526555387656,274.7786970404874,45.17343148661081
Iloodokilani,11.806838549502451,14.13258180234402,2.325743252841569
Imara Daima,3553.836872159467,4300.27080955053,746.4339373910634
Imbirikani/Eselenkei,12.995894230506932,15.55274813788578,2.556853907378848
Ingotse/Matiha,724.42120968456,822.9230575800316,98.50184789547154
Inoi,390.79725362280294,423.99423233859983,33.19697871579689
Iria-ini,278.26229567249464,301.8997836536932,23.637487981198547
Iriaini,369.8538339528836,401.27173499496234,31.417901042078768
Isibania,3843.968818970014,4277.308971963847,433.34015299383327
Isukha West,1076.8850916479323,1223.312569874968,146.42747822703564
Ithanga,279.71493340967686,303.8866947864928,24.171761376815937
Ithiru,775.5454486925324,841.4255444521938,65.88009575966134
Itibo,855.692668416438,952.5430346588381,96.85036624240013
Ivingoni/Nzambani,71.93542622167071,79.60801525323077,7.672589031560065
Jara Jara,29.83931842496893,46.24302155743037,16.403703132461438
Jara Jila,25.811318700053327,40.00069111378444,14.189372413731114
Jaribuni,93.0455172122205,107.58466881615392,14.53915160393342
Jepkoyai,1192.4344806265005,1354.4722100057386,162.03772937923804
Jibana,445.9182538793123,515.5967667031898,69.6785128238775
Jilore,57.61619660600281,66.61921682969195,9.003020223689141
Jomvu Kuu,1956.8680459836592,2262.645315217372,305.777269233713
Juja,731.6450914753033,793.7960020776239,62.150910602320664
Junda,5543.124428986724,6409.284651037139,866.1602220504155
Junju,328.8221559332999,380.2034080390447,51.38125210574481
KEEKONYOKIE (Narok East),61.920067697023725,74.1024618011469,12.182394104123176
Kaaleng/Kaikor,9.412866115950195,11.26478999201908,1.851923876068886
Kabare,306.3436087221664,332.3665173345238,26.022908612357412
Kabarnet,135.49791801674806,162.15630549839474,26.658387481646685
Kabartonjo,114.03982641539501,136.4764650099128,22.436638594517788
Kabaru,107.4131974326064,116.53760351349545,9.12440608088906
Kabatini,557.6329739106019,667.1277371558605,109.49476324525858
Kabazi,203.1546972780544,243.05188179004188,39.89718451198746
Kabete,3029.380665854442,3288.3909732005645,259.0103073461223
Kabianga,662.0127553539518,792.2597196478399,130.24696429388814
Kabiemit,190.47842614361417,227.9538926371933,37.47546649357912
Kabiri,449.4092566320684,500.27499977466323,50.86574314259485
Kabiro,22989.31521336036,27818.982131378558,4829.666918018196
Kabisaga,305.50715307698056,365.61381353945217,60.10666046247161
Kabiyet,306.1432792665929,366.37509745375957,60.23181818716665
Kabondo East,556.7416973875628,619.8090901457603,63.06739275819746
Kabondo West,445.4281088548611,495.8432561772588,50.41514732239773
Kabonyo/Kanyagwal,153.94387466537057,171.36779320408394,17.423918538713366
Kabuchai/Chwale,818.01431855965,929.2423151721907,111.22799661254078
Kabula,579.5997342502909,658.4097465667845,78.81001231649361
Kabwareng,641.2933696870273,761.5494532826239,120.25608359559658
Kadzandani,10925.40811991723,12632.59585664011,1707.187736722879
Kaeris,8.430605277465515,10.089275361595783,1.658670084130268
Kagaari North,281.5133836838042,311.41875258837695,29.905368904572754
Kagaari South,322.3128459790633,356.5523721104637,34.239526131400396
Kagan,443.1132022502373,493.26633849480584,50.15313624456854
Kagunduini,800.7547482528447,868.776297715194,68.0215494623493
Kahawa,11455.515111950861,13841.339815171665,2385.8247032208037
Kahawa Wendan,12507.380023313559,13984.032595711671,1476.6525723981122
Kahawa West,4152.172337489647,5006.148463202152,853.9761257125047
Kahawa/Sukari,3559.8492965192986,3885.1509206293267,325.3016241100281
Kahumbu,661.8605220013197,718.0834526698058,56.222930668486015
Kaimbaga,179.99002143057487,195.75945848089845,15.769437050323575
Kajulu,1143.7373203856341,1281.1724761675625,137.43515578192842
Kakrao,413.2584715960718,460.0325412043047,46.774069608232935
Kaksingiri West,98.49951709045546,109.68971409106805,11.1901970006126
Kakuma,73.7607118841635,88.27268065626056,14.511968772097063
Kakuyuni,167.15248781712427,193.27148347099492,26.118995653870655
Kakuzi/ Mitubiri,181.74876457544275,197.1903740344645,15.441609459021748
Kalaliyo,83.85768898264196,129.07880905426353,45.22112007162157
Kalama,86.90402226014008,96.18906858389519,9.285046323755111
Kalapata,14.494489974587887,17.34619229417322,2.8517023195853337
Kalawa,93.45115428094739,103.37853851487084,9.927384233923448
Kaler,184.34731190785556,205.19514719159292,20.847835283737368
Kalimoni,207.64195678466265,225.28986990697084,17.647913122308182
Kalobeyei,10.770408786301939,12.871811846451008,2.101403060149069
Kalokol,14.585728949299021,17.4553819442855,2.8696529949864775
Kaloleni,319.5291122670004,369.4582501866713,49.92913791967089
Kamacharia,620.7202597349988,673.4484601275349,52.72820039253611
Kamagut,345.7417696997325,413.15776012239286,67.41599042266034
Kamahuha,502.53851467180107,545.227555635437,42.68904096363599
Kamakwa/Mukaro,1166.1794048414415,1265.2426257722493,99.0632209308078
Kamara,238.27568462195248,285.1549687263311,46.87928410437863
Kamariny,308.63617671943246,369.3584595373078,60.72228281787534
Kamasian,301.41147853211595,360.7123380909795,59.30085955886352
Kambiti,298.18639129145413,323.587827964255,25.401436672800855
Kamburu,504.4094751725285,547.2574464561659,42.84797128363738
Kamenu,1203.5867017511403,1305.8275340924943,102.24083234135401
Masogo/Nyang'oma,359.4234566698065,400.10428700982146,40.68083034001495
Kamukuywa,902.6652828506601,1025.9078328607175,123.24255001005736
Kamwangi,877.3675418188626,951.897091774729,74.5295499558664
Kanamkemer,63.754192416477395,76.29744030002841,12.543247883551018
Kang'atotha,20.647241020269078,24.709459408533604,4.062218388264526
Kangai,545.595482792286,591.942070727421,46.34658793513495
Kangare,341.889356397196,370.9317609908598,29.042404593663775
Kangemi,21525.30392569083,26047.405305085365,4522.101379394535
Kangeta,263.9925928607447,292.0367214804192,28.044128619674495
Kangundo Central,835.9838705571093,924.7910487195919,88.80717816248261
Kangundo East,479.171331789958,530.0740514974749,50.902719707516894
Kangundo North,674.1613115702944,745.7779614154343,71.61664984513993
Kangundo West,528.0841890349201,584.1829528594868,56.09876382456673
Kanjuiri Ridge,242.41395088615732,265.0957029667496,22.681752080592304
Kanuni,89.24421181582277,98.72469085415634,9.48047903833357
Kanyadoto,273.0769948964795,303.9848216927018,30.90782679622231
Kanyaluo,366.00831268453686,407.43444034553676,41.426127660999896
Kanyamwa/Kalogi,261.41000242098875,290.99732129390185,29.5873188729131
Kanyamwa/Kosewe,269.06179225885467,299.515166923898,30.453374665043327
Kanyangi,59.68149267967568,66.02150121336078,6.340008533685101
Kanyeki-ine,633.6120500218518,687.4353565187381,53.82330649688629
Kanyenyaini,230.58044965709973,250.16752297550227,19.58707331840253
Kanyikela,248.61698676591752,276.75634722590377,28.13936045998625
Kanziko,20.367897806243054,22.531594358053002,2.1636965518099487
Kapchemutwa,230.74344134229648,276.1408031883143,45.397361846017816
Kapchoki,62.8920093177738,75.28594403985117,12.393934722077375
Kapchorwa,198.05721397947116,237.02375875354798,38.96654477407682
Kapedo/Napeitom,8.038206800223417,9.619674838261044,1.5814680380376274
Kapenguria,278.3149308938841,333.0716918289759,54.75676093509179
Kapkangani,635.0661265925285,756.754801256204,121.68867466367556
Kapkateny,645.7262891268275,733.527741030227,87.80145190339954
Kapkatet,821.9608727133568,983.6766504012091,161.71577768785232
Kapkugerwet,1037.4134889016323,1241.518242212577,204.10475331094472
Kapkures,730.508934908,872.34913679894,141.84020189093997
Kaplamai,542.6390268929264,649.399929152258,106.7609022593316
Kaplelartet,377.24668559275597,448.6755176573851,71.42883206462915
Kapletundo,626.1803101219948,749.3774552484543,123.19714512645953
Kapomboi,418.71863525603226,501.0989687754782,82.38033351944597
Kapropita,253.74107916150297,303.6630810300068,49.922001868503855
Kapsabet,627.7275988779136,751.2291601974059,123.50156131949234
Kapsaos,578.1311141109855,691.8022133594416,113.67109924845602
Kapsasian,371.488536727407,444.57663750349724,73.08810077609024
Kapsimotwo,344.79645250228464,412.63304664603805,67.83659414375342
Kapsoit,514.8266377022795,616.1156331350574,101.28899543277782
Kapsokwony,601.9795634484389,683.8326332058001,81.85306975736125
Kapsowar,250.615293659977,299.92232179424076,49.30702813426376
Kapsoya,1222.1404084211758,1462.5890538268125,240.44864540563663
Kapsuser,740.7175480168199,886.4492008436853,145.73165282686534
Kaptagat,253.01172184595663,302.7902303729646,49.77850852700794
Kaptama,564.2308092352935,642.0325247832666,77.80171554797312
Kaptarakwa,156.232388478874,186.9701552886985,30.737766809824507
Kaptel/Kamoiywo,254.09672798852753,303.85071659890053,49.753988610373
Kaptembwa East,13819.957538668607,16538.94930719059,2718.9917685219825
Kaptembwa West,11774.179475816947,14090.677034261465,2316.4975584445183
Kaptumo/Kaboi,294.90904914037816,352.93059815410965,58.02154901373149
Kaputei North,56.22701531132513,67.1911679077669,10.964152596441764
Kaputir,27.82309033965556,33.29711322444563,5.47402288479007
Kapyego,85.9415598766279,102.85003669535686,16.908476818728957
Kapyemit,3054.459518690746,3655.405766828076,600.9462481373303
Karai,834.9847716685445,908.4179332027992,73.43316153425474
Karama,173.41449933253975,191.83644904704914,18.421949714509395
Karare,9.611223227280785,10.632230460778622,1.021007233497837
Karatina Town,846.032197059013,917.8998989731735,71.86770191416053
Karau,262.09118597431154,284.62721508466404,22.5360291103525
Karen,997.3480232743643,1203.260326544923,205.9123032705586
Kargi/South Horr,1.8990094038840932,2.103793972302701,0.20478456841860782
Kariara,253.5872820101436,275.12870770582913,21.54142569568552
Karima,645.5335424409041,700.3695541117231,54.83601167081906
Karingani,345.9201002669623,382.6674357788143,36.747335511851986
Kariobangi North,50368.8916311553,60950.54037642045,10581.648745265156
Kariobangi South,26430.261030005815,31982.811116452303,5552.550086446488
Kariti,425.83878214803224,462.01242536558794,36.17364321755571
Karumandi,195.82717152272014,212.462062075493,16.634890552772873
Karuna/Meibeki,141.0784925650613,168.83482297738053,27.756330412319215
Karura,1482.0918213990353,1738.786388390343,256.69456699130774
Karuri,2128.573626222864,2309.3891713447424,180.81554512187859
Kasarani,7508.048863591377,9085.362966084984,1577.3141024936067
Kasei,31.070821893676463,37.183816266876924,6.112994373200461
Kasemani,168.47422552951923,194.79975403001805,26.32552850049882
Kasemeni / Vanga,136.18642347791774,157.104014899462,20.917591421544245
Kasgunga East,229.48599764720086,255.46004476501025,25.97404711780939
Kasigau,7.467735810967277,8.634606634733142,1.1668708237658656
Kasikeu/Kiou,169.33932618867382,187.43654654449483,18.09722035582101
Katangi,104.64810057099191,115.7649447715805,11.116844200588588
Kathiani Central,704.0953738563937,778.8919366482011,74.79656279180733
Kathonzweni,115.78012405225816,128.07953058713557,12.299406534877406
Katilia,7.917839290985078,9.475625764838345,1.557786473853267
Katilu,39.984771624860244,47.85153108761522,7.8667594627549775
Kauwi,110.8225848507004,122.59534895756684,11.772764106866447
Kawangare,29262.89020040761,35410.52784697061,6147.637646562998
Kayafungo,168.12145170362896,194.39185458549488,26.27040288186592
Kayole Central,40817.5020131186,49392.56523304181,8575.063219923206
Kayole North,51115.416341145836,61853.896647135414,10738.480305989578
Kayole South,27003.21137383643,32676.128559951234,5672.9171861148025
Kedowa/Kimugul,195.95318568531147,234.50577758736935,38.552591902057884
Kee,282.88815909032854,312.93957314498965,30.05141405466111
Keekonyokie,36.74761208777809,43.97748043157189,7.229868343793804
Keiyan,144.90694280344061,170.9434997453395,26.03655694189888
Keiyo,320.34900342898123,383.3757128721382,63.02670944315696
Kembu,553.4601639361946,662.3500677889762,108.88990385278157
Kemeloi/Maraba,385.7989574337127,459.7143769727527,73.91541953903999
Kemera,1123.1540430492628,1250.276635963444,127.12259291418127
Kenyawa-Poka,22.121510746060455,26.454435443343787,4.332924697283332
Keringet,241.8956587544686,289.48714788141916,47.59148912695056
Kerio Delta,15.895385308298199,19.022705192874245,3.127319884576046
Kerugoya,1215.2961535919876,1318.5316706173803,103.23551702539271
Keumbu,1033.102735005489,1150.032997460976,116.93026245548708
Khalaba,957.1367981489041,1087.2817227688975,130.1449246199934
Khasoko,630.0051969436865,715.669001552444,85.66380460875746
Kholera,558.3196529685505,634.2361440028353,75.91649103428483
Khorof Harar,14.150346867082623,21.913449071749206,7.763102204666582
Kiabonyoru,1022.5051760947374,1138.2359676191693,115.73079152443188
Kiagu,206.84264827652257,228.8156945662807,21.973046289758145
Kiamaiko,86054.80646205356,104133.46604910714,18078.659587053582
Kiamaina,640.2192648204477,766.1784832259488,125.95921840550102
Kiambere,61.113261085780834,67.60536716136794,6.4921060755871025
Kiamokama,909.9936467961127,1012.9899794958139,102.99633269970127
Kiamwangi,798.5122061202771,866.3432666556331,67.83106053535596
Kianjai,330.5465537387575,365.6607558597402,35.114202120982725
Kiarukungu,567.9494548612148,616.2161915914469,48.26673673023208
Kibarani,331.3324338354647,383.1059430555276,51.77350922006286
Kibauni,111.33392854673143,123.16101232267337,11.827083775941944
Kibirichia,103.12713794864635,114.08240862746848,10.955270678822131
Kibish,3.9306090610712325,4.688088395518049,0.7574793344468165
Kibwareng/Chebilat/Ndurio,412.9704986793788,494.2199196593885,81.24942098000969
Kiegoi/Antubochiu,1083.0432982912848,1198.0957702449957,115.05247195371089
Kiganjo,684.2902780221508,742.4185469447591,58.1282689226083
Kiganjo/Mathari,367.3219010993773,398.5247211854896,31.202820086112297
Kiguchwa,493.15587163656755,545.5441797593063,52.38830812273875
Kigumo,682.9337911501302,740.946825536994,58.01303438686375
Kihara,5442.972682166467,5916.63187131911,473.6591891526432
Kihingo,355.03674969369314,424.88806206674616,69.85131237305302
Kihumbu-Ini,812.682518258823,881.717300053364,69.034781794541
Kiima Kiu/Kalanzoni,89.80672117284774,99.43662179443245,9.62990062158471
Kiine,550.5235882196448,597.288806689641,46.76521846999617
Kiirua/Naari,219.7257984656915,243.06743059654752,23.341632130856027
Kijabe,351.821652951088,382.8582712558297,31.036618304741694
Kikumbulyu North,83.2594086491532,92.10411580671033,8.844707157557124
Kikumbulyu South,163.78453778607596,181.18348974338414,17.398951957308185
Kikumini/Mavau,125.76013595776301,139.11972638455254,13.359590426789524
Kikuyu,1554.0286031916587,1687.913458559913,133.8848553682542
Kileleshwa,4673.675757547935,5655.53605477369,981.860297225755
Kilgoris Central,187.69994619057258,223.64331157691055,35.94336538633797
Kilibwoni,369.0080103205205,441.60808035955404,72.60007003903354
Kilimani,6300.817970808303,7624.5131896504845,1323.695218842182
Kiliwehiri,118.5298000900322,181.79670512849,63.26690503845781
Kilungu,484.7967841252358,536.2970975585747,51.50031343333893
Kimaeti,614.5459758060297,698.1077351013172,83.56175929528752
Kimana,68.37560321596092,81.81142784026872,13.435824624307799
Kimilili,971.0697220419656,1103.109152196223,132.0394301542574
Kiminini,508.1998549036294,608.1280731521458,99.92821824851643
Kimintet,37.3193206994573,44.66064754928517,7.3413268498278725
Kimorori/Wempa,310.6345069991297,337.0219153726223,26.387408373492576
Kimulot,316.5268783155308,378.80160634915086,62.27472803362008
Kimumu,1782.7834394303845,2133.535170042813,350.7517306124287
Kinakomba,20.003016021200875,23.535896660470982,3.5328806392701075
Kinale,173.19013125020712,188.36275955603935,15.172628305832234
Kinamba,230.12913449003085,275.4056313474267,45.27649685739587
Kinango,127.55940771046596,147.4916479704703,19.932240260004335
Kinanie,89.99930174093998,99.73169538970373,9.732393648763747
Kingandole,581.9559740350392,661.086375926842,79.13040189180288
Kinna,7.167848274552655,7.929333213229063,0.761484938676408
Kinondo,190.48981741510275,220.25546944430087,29.765652029198122
Kinoo,4246.560075031192,4615.577268214215,369.01719318302275
Kinyona,322.6260595051496,350.03210862401903,27.40604911886942
Kinyoro,316.47079513239487,378.73329913814064,62.26250400574577
Kiogoro,951.7946628324019,1059.5221722595297,107.72750942712787
Kipchebor,1395.5201413891023,1670.0801861021046,274.5600447130023
Kipchimchim,790.4717742456787,945.99226381858,155.52048957290128
Kipevu,7582.458516302988,8767.282141814087,1184.8236255110987
Kipini East,57.35077080086358,66.3123157302736,8.961544929410017
Kipini West,35.44465553174376,40.98318408946254,5.538528557718777
Kipipiri,201.874740834154,219.29915860019088,17.424417766036868
Kipkaren,261.7073678878803,313.1966929152505,51.48932502737017
Kipkelion,296.40372841956685,354.71935084041326,58.31562242084641
Kipkenyo,2904.680825606061,3476.1590163775363,571.4781907714755
Kiplombe,562.3712849724527,673.0144008368301,110.64311586437736
Kipreres,393.46098660929607,470.87203212947054,77.41104552017447
Saimo/ Kipsaraman,67.90798858722796,81.2684694839627,13.360480896734742
Kipsomba,247.34561370489538,294.3224999338484,46.97688622895302
Kipsonoi,351.68525531950826,420.7427747828825,69.05751946337426
Kiptagich,303.40443667194916,363.0974051259119,59.69296845396275
Kiptororo,216.83786095868243,259.49938445720653,42.661523498524105
Kiptuiya,431.3511867272033,516.1505099029896,84.7993231757863
Kirenga,401.700166225155,436.1021767754498,34.40201055029479
Kiriita,308.8475752325027,336.0433332065642,27.195757974061507
Kirimari,1148.5717017866689,1269.7739021171424,121.20220033047349
Kirimukuyu,571.6360106337065,620.1946548108253,48.55864417711882
Kiru,267.3833584290826,290.09672015224226,22.713361723159665
Kisa Central,891.339453518994,1011.9226412993253,120.58318778033129
Kisa East,732.0851404392537,831.6290782529857,99.54393781373199
Kisa North,730.6127556919689,829.9564928045594,99.34373711259047
Kisa West,834.038550815812,945.602699217279,111.56414840146704
Kisanana,39.241083496920524,46.96152676874344,7.720443271822916
Kisasi,134.53838478648618,148.8304953224681,14.29211053598192
Kisiara,653.6087007650382,781.9801824967531,128.37148173171488
Kisii Central,2008.2216735342502,2235.5194126033007,227.29773906905052
Kisima,49.392593384669446,54.73020107307737,5.337607688407921
Kisumu North,740.3404351532894,826.0248294818533,85.68439432856394
Kitengela,192.70511010672706,230.59302492057296,37.887914813845896
Kiteta/Kisau,240.58456608299582,266.1420411220193,25.557475039023473
Kithimani,193.27236308544894,213.7658591264575,20.49349604100857
Kithimu,484.29207275597,535.7387700007512,51.44669724478115
Kithungo/kitundu,419.2965561323483,463.83873479691016,44.542178664561845
Kitise/Kithuki,76.88630840060695,85.05399712966715,8.167688729060202
Kitisuru,2719.9092060224157,3224.357971429283,504.44876540686755
Kitutu Central,3249.0591420275873,3616.7993301478173,367.74018812022996
Kiunga,8.627347295612381,9.975903233255446,1.3485559376430647
Kiuu,14002.080359681157,15367.862314254942,1365.7819545737857
Kivaa,73.83693502383859,81.68068653111554,7.843751507276949
Kivou,114.9453364446509,127.1560631707564,12.210726726105491
Kivumbini,10831.73034648375,12962.806830294443,2131.0764838106934
Kiwawa,32.85518128331804,39.34131623235464,6.486134949036604
Kobura,238.66443599226398,265.6773303516559,27.012894359391908
Kochia,306.2209540391991,340.88013687138937,34.659182832190254
Kodich,97.77338964331767,117.05199000262583,19.278600359308157
Koibatek,66.5585072685161,79.65348679669773,13.09497952818164
Koisagat/Kapsang,230.05290389012956,275.3144072397642,45.26150334963464
Kojwach,568.8733820177613,633.2605018258433,64.38711980808205
Kokwanyo/Kakelo,422.33247304384946,470.13357087564407,47.80109783179461
Kola,174.99871607290194,193.58895642473973,18.590240351837792
Kolowa,35.79672969897197,42.839517302768655,7.042787603796683
Kolwa Central,1428.596263152323,1590.289877468478,161.69361431615494
Kolwa East,366.5451656134348,408.0320581369736,41.48689252353881
Komarock,17091.776610623197,20682.469081786876,3590.6924711636784
Komothai,763.4143108025543,828.263913968655,64.84960316610068
Kondele,17770.43531818631,19781.756681418115,2011.3213632318038
Kong'asis,415.73225278049085,497.52502657441397,81.79277379392312
Kongoni,665.1704572526057,757.3144405073573,92.14398325475156
Kongowea,9639.508381528147,11145.763232041889,1506.254850513742
Konyu,809.5364276857617,878.3039469492676,68.76751926350585
Korogocho,31680.181016338473,38335.64912421518,6655.46810787671
Korondile,18.454386781583853,28.470726664890368,10.016339883306514
Korr/Ngurunit,6.137031072911462,6.789502568963495,0.6524714960520326
Kosirai,350.8980431427098,419.93508592629354,69.03704278358373
Kotaruk/Lobei,24.981003168021985,29.895862830138675,4.91485966211669
Koyo/Ndurio,332.59837813616366,398.03469017235676,65.4363120361931
Koyonzo,621.437149898874,705.8402085286556,84.40305862978153
Kubo South,141.08492641103942,163.13064241792117,22.045716006881747
Kuinet/Kapsuswa,609.3569332811811,729.2441840518798,119.88725077069864
Kuku,33.78674024357021,40.429732309854565,6.642992066284357
Kunyak,326.0313294970148,389.35383527533355,63.32250577831877
Kurgung/Surungai,279.3631682555495,333.81600687119493,54.45283861564542
Kutulo,52.735798841663375,81.70363664308547,28.9678378014221
Kwa,450.2242182940498,501.2271285518527,51.00291025780285
Kwa Mutonga/Kithumula,118.60788790270482,131.20769005608855,12.599802153383735
Kwa Njenga,20270.933358787595,24529.512521538225,4258.57916275063
Kwa Reuben,9959.494604391244,12051.815832598846,2092.321228207602
Kwa Vonza/Yatta,48.8705917787629,54.06215039986164,5.191558621098743
Kwabwai,243.9291678611315,271.537944254638,27.608776393506474
Kwanza,415.19828715231904,496.8860127795425,81.68772562722347
Kware,21027.59002816524,25445.13044024946,4417.540412084221
Kyangwithya East,345.57292000728097,382.2833815818976,36.7104615746166
Kyangwithya West,162.89485478891174,180.19929384107616,17.304439052164412
Kyeleni,220.44887177538314,243.42776471232935,22.97889293694621
Kyeni North,431.7126511555634,477.57380544682684,45.86115429126346
Kyeni South,437.3138185148071,483.76998155572056,46.45616304091345
Kyethani/kiomo,65.91444045447714,72.91657991376191,7.002139459284763
Kyuso,55.84614221434514,61.778718472102625,5.932576257757482
Loita,17.640105500958274,21.07945891404418,3.4393534130859074
Labisgale,151.51206715457465,234.80347968831308,83.29141253373842
Lafey,128.76018203105096,199.47583204610078,70.71565001504982
Lag Sure,30.52443038124901,47.304763212208734,16.780332830959722
Lagboghol South,12.323563277630864,19.098251371456254,6.7746880938253895
Laini Saba,42597.4355078125,51546.4371484375,8949.001640625
Lake Nakuru National Park,261.82460227810265,313.3369966056589,51.51239432755625
Lake Zone,12.755589474559844,15.26011724058419,2.5045277660243457
Lakeview,834.2373972577636,998.3684799617957,164.1310827040321
Lakole South,15.869822946633981,24.5929860546151,8.723163107981119
Lambwe,155.0840350758849,172.6370007863182,17.552965710433284
Landimawe,7914.740266259528,9577.493339295654,1662.753073036126
Lanet/Umoja,1188.5022688916868,1422.2266251592393,233.7243562675526
Langalanga,17778.24451682572,21276.00592759793,3497.7614107722075
Langas,922.2439451322451,1103.689822347173,181.44587721492792
Lapur,14.056265291963667,16.69451282737532,2.6382475354116526
Lare,295.0476295621415,353.0964444675455,58.048814905404015
Barwessa,68.01965787876861,81.4021101943688,13.38245231560019
Lelan,132.7209168206943,158.83294568943154,26.11202886873724
Lelmokwo/Ngechek,267.0363391931109,319.57410468556304,52.53776549245214
Lembus,189.18794135057448,226.4095106068592,37.22156925628471
Lembus Central,128.22122478716972,153.44796588503317,25.226741097863453
Lembus/Perkerra,173.8161781352154,208.01344875207252,34.19727061685711
Lereshwa,145.01073366264143,157.54167311033274,12.53093944769131
Leshau/Pondo,161.3713713450999,176.08543918889197,14.714067843792066
Letea,31.641177259647048,37.85782733153863,6.216650071891582
Libehia,80.16769410311701,123.80111032134265,43.63341621822563
Liboi,16.674807027495582,25.836275812023178,9.161468784527596
Likoni,9329.005671639277,10786.742227909484,1457.736556270207
Likuyani,343.74322718631345,390.71311176390157,46.96988457758812
Limuru Central,1080.455748398277,1172.2369963337708,91.78124793549387
Limuru East,602.898724306205,654.1130411169186,51.21431681071351
Lindi,60541.23270552386,73259.92038381743,12718.687678293572
Litein,749.5813239829644,897.0568739332812,147.4755499503168
Lobokat,14.06999179551094,16.838176617512662,2.7681848220017216
Lodokejek,33.87309475550354,40.53733279705519,6.6642380415516556
Lodwar Township,58.21207578351787,69.66494538910912,11.452869605591253
Logologo,3.0440555113027292,3.3675788770948083,0.3235233657920791
Loima,11.607312586219807,13.890980368320296,2.2836677821004887
Loiyamorok,36.63030696492247,43.83709598057034,7.206789015647871
Loiyangalani,2.6886731335678777,3.0046569846209086,0.31598385105303084
Lokichar,21.17531855445955,25.341433039410546,4.166114484950995
Lokichoggio,28.125144165414216,34.41696081397688,6.291816648562662
Lokiriama/Lorengippi,19.4676385952525,23.26624347881858,3.7986048835660817
Lokori/Kochodin,15.676227798721792,18.76042982011857,3.084202021396779
Lolgorian,78.35081998136882,93.55926381380243,15.208443832433616
Lomut,77.52901333531507,92.78237264088541,15.253359305570342
Londiani,323.4154100675541,387.04541332621375,63.630003258659656
London,1514.902879621432,1812.9507336083377,298.0478539869057
Longisa,444.7807322000325,532.2886225853603,87.50789038532776
Loosuk,23.090323667049198,27.633203764396335,4.542880097347137
Lopur,25.691594184127876,30.746258259933512,5.054664075805636
Lower Kaewa/Iveti,509.15393423094434,563.2417274976949,54.087793266750566
Lower Savanna,21435.971930609812,25939.307807074652,4503.33587646484
Luanda,1938.4316133479115,2201.8681425185855,263.436529170674
Luanda South,1066.5307359715625,1210.1493625358196,143.61862656425706
Lucky Summer,18020.934400576636,21806.82857142857,3785.894170851934
Lugaga/Wamuluma,1428.6852066404879,1622.9480420333932,194.26283539290534
Lugari,476.71071773457425,541.5305832251122,64.81986549053795
Lulis/Eyemole,148.02913862781503,227.8638604585412,79.83472183072618
Lumakanda,571.2680705576278,649.1398337967726,77.8717632391448
Lusheya/Lubinu,909.0586470539571,1032.6662231874386,123.60757613348153
Lwandanyi,547.9730988474475,622.3873316573164,74.41423280986885
Lwandeti,716.0829676656568,813.4573761616759,97.3744084960191
Lyaduywa/Izava,1555.1807311258199,1766.6435554200893,211.46282429426947
Maji Moto/Naroosura,22.876866871553393,27.377750550848326,4.500883679294933
Melelo,200.8702362152457,240.39022772277863,39.51999150753292
Melili,83.0847829514395,99.43120631502242,16.34642336358293
MOSIRO(Narok East),38.782445356486484,46.4126545491626,7.630209192676119
Maai Mahiu,84.9115241914192,101.56053321102401,16.649009019604804
Maalamin,23.46504589006814,36.36027811923987,12.895232229171732
Mabatini,45417.80596590908,54959.31846590909,9541.512500000012
Macalder/Kanyarwan,193.10543728924074,214.96179943505888,21.85636214581814
Machakos Central,1571.9405663571115,1738.9289666213556,166.9884002642441
Machewa,571.0801145484378,680.2741542284813,109.19403968004349
Mackinnon Road,33.06229879888162,38.22856369125277,5.166264892371153
Madogashe,49.02361025025057,75.93768272733429,26.91407247708372
Madogo,17.296250334231107,22.682198426425934,5.385948092194827
Maella,100.094314111777,119.78725827689448,19.69294416511748
Maeni,705.6127211238545,801.5571104763577,95.94438935250321
Magadi,12.072418631144746,14.448912345744882,2.3764937146001355
Magarini,193.0046706144469,223.16328954511826,30.158618930671366
Magenche,1125.1914739993063,1252.6178907188562,127.42641671954993
Magogoni,8360.694358915442,9667.124125689339,1306.4297667738974
Magombo,818.9328736604851,911.6226233825056,92.68974972202045
Magumoini,227.90425057268232,252.11468652765174,24.210435954969427
Magumu,488.0303514514765,531.5664373143553,43.53608586287879
Magutu,171.5992289801361,186.17603352904544,14.576804548909337
Magwagwa,743.0388809556728,827.4730541767598,84.43417322108701
Mahiakalo,1626.5822861230833,1847.7538336310854,221.17154750800205
Mahiga,186.3076785983435,202.13391860762957,15.826240009286067
Mahiga-ini,593.7696042802415,644.2084336965501,50.43882941630852
Mahoo,280.843693959925,320.90249935759454,40.058805397669516
Maikona,2.212625649884029,2.448100093103591,0.2354744432195619
Majengo,7289.68181281361,8428.756124356898,1139.0743115432879
Majoge Basi,983.0489069161205,1094.3139067290847,111.26499981296422
Makima,79.11486819812619,87.47313243572546,8.358264237599272
Makina,28785.847244262695,34833.26960536412,6047.422361101424
Makindu,56.46466555154779,62.491096444655845,6.026430893108056
Makongeni,2079.7394474219927,2363.870638591508,284.1311911695152
Makutano,290.7371397668086,347.9378952867066,57.200755519897996
Makutano/Mwala,235.30710414112522,260.30395058445714,24.99684644333192
Makuyu,267.03560933353435,289.755280541544,22.71967120800963
Malaba Central,1038.0582053703072,1179.364442404851,141.30623703454376
Malaba North,444.3093065800874,504.7845677055928,60.47526112550537
Malaba South,476.5446179072062,541.3419100114669,64.79729210426069
Malaha/Isongo/Makunga,727.6772782007636,826.6218677484892,98.94458954772563
Malakisi/SouthKulisiru,512.7079423517372,582.4224564485424,69.71451409680526
Malalani/Endau,7.363763401542723,8.146042571051073,0.7822791695083495
Malewa West,87.05991479148811,103.99110142242085,16.931186630932743
Malindi,2128.027794189865,2460.5501767739192,332.5223825840544
Malkamari,34.809349274886266,53.39747431942516,18.58812504453889
Manda/Shivanga,548.4923944973038,623.6454888625613,75.1530943652574
Manga,843.8342306609824,939.342404289154,95.50817362817168
Mangu,961.7864350386767,1043.4871211828874,81.70068614421075
Manyatta 'B',11476.22884322087,12775.149263492905,1298.9204202720357
Mara,32.84248677364955,39.304045167622164,6.461558393972616
Marachi Central,595.1165355653723,676.0014649965473,80.88492943117501
Marachi East,556.5441506590332,632.2192258652082,75.67507520617494
Marachi North,551.9324764745651,626.9441933403622,75.0117168657971
Marachi West,626.6430151343014,711.3705557269383,84.72754059263684
Marafa,26.03366483671767,30.101645934274053,4.067981097556384
Maraka,1113.0190925484587,1264.359824457488,151.34073190902927
Marakaru,797.5323511337114,905.9753424211817,108.44299128747036
Maralal,216.83381007096435,259.49453725625386,42.66072718528952
Marama Central,834.3013496481581,947.74394574342,113.44259609526193
Marama North,741.3510491482741,842.1548939978861,100.803844849612
Marama South,682.6235252530718,773.8876749880084,91.26414973493661
Marama West,719.4816999918135,817.3119110190283,97.83021102721489
Marani,1004.1320120940615,1117.7832761002833,113.65126400622182
Marenyo/Shianda,876.5630303374126,995.7395534537494,119.17652311633685
Mariakani,386.35830274596276,446.7300702053597,60.37176745939695
Mariani,190.44102692600833,210.67171584600547,20.230688919997135
Mariashoni,193.607711291062,231.69884527322554,38.09113398216354
Marigat,57.53016845415637,68.84887746345956,11.318709009303191
Marimanti,108.05504622894377,119.5338128600415,11.478766631097727
Maringo/Hamza,24032.690196707597,29081.55115234374,5048.860955636144
Marmanet,122.48742577789662,146.58607851722488,24.09865273932826
Marothile,41.577088886745315,64.43344980417557,22.85636091743025
Marsabet central,37.468117067551624,41.44838262206067,3.980265554509046
Marungu,9.245748653511031,10.690475405315562,1.4447267518045308
Masaba,314.33487086981273,349.91241486880267,35.57754399898994
Masalani,34.57071834789154,53.38466348253647,18.813945134644925
Masige East,943.9247435935808,1050.7615201506903,106.83677655710949
Masige West,830.9251972724421,924.9722685507109,94.04707127826873
Masii,237.4699655047687,262.6965719413521,25.22660643658338
Masimba,757.2943669654071,843.1431499372078,85.84878297180069
Masinga Central,96.90254768189202,107.19657582346895,10.29402814157693
Masol,24.187942002155395,28.94677173639002,4.758829734234624
Masongaleni,77.29168495901807,85.50243692269707,8.210751963679002
Masumba/Nguu,86.00727829261022,95.18529107313942,9.178012780529201
Mata,8.65036824074369,9.988138389652686,1.3377701489089961
Matapato North,22.190651767098753,26.55652681449974,4.365875047400987
Matapato South,29.012828901574867,34.803163332669214,5.790334431094347
Matayos South,508.06351684403694,577.1465242102865,69.0830073662496
Mathare North,36840.13634896378,44579.62475483787,7739.488405874086
Matinyani,349.75057115798677,386.90483029113847,37.1542591331517
Matisi,1357.2497900732235,1624.2803951155006,267.0306050422771
Matsangoni,130.6762901891053,151.09557119126305,20.41928100215776
Matulo,682.1247814646248,774.8754475408209,92.75066607619613
Matumbei,217.76134533402686,260.7835975829157,43.02225224888886
Matungulu East,588.4329719946788,650.9426408779977,62.50966888331891
Matungulu North,174.13036625545737,192.55199726944846,18.42163101399109
Matungulu West,140.7724897913664,155.74146924045428,14.968979449087868
Matuu,246.62503402391502,272.824189597001,26.19915557308599
Mau Narok,243.32451612033248,291.1971274244674,47.87261130413492
Maua Town,1808.1195408159128,2000.197377246615,192.07783643070206
Mauche,247.12107989341382,295.74064396308523,48.61956406967141
Mautuma,387.5523352607333,440.2490488403115,52.696713579578216
Mavindini,101.84297238871109,112.6618257223367,10.818853333625611
Mavuria,147.19166443692927,162.82794246403995,15.636278027110677
Ziwa La Ng'ombe,8181.913890180371,9460.40725803177,1278.493367851399
Mayenje,1418.3743094793904,1620.4034872324587,202.02917775306832
Mayoni,706.1447629604088,802.1615116025798,96.01674864217102
Mazeras/mugumo Wa Patsa,998.8565906676928,1154.9364102810714,156.07981961337862
Mbakalo,730.611561132585,829.9551288936367,99.34356776105164
Mbaruk/Eburu,104.77275922038179,125.36920878748958,20.596449567107797
Mbeti,136.11492135911254,150.48092598719109,14.366004628078542
Mbeti North,768.6981733202563,850.2269680859408,81.52879476568455
Mbeu,460.35106515894586,509.25448972117186,48.90342456222601
Mbiri,402.17527610877767,436.33888738293217,34.163611274154505
Mbitini,248.170686241288,274.53403946542926,26.363353224141264
Mboghoni,131.5835164136025,149.9071292835358,18.3236128699333
Mbololo,12.423334944276666,14.364586497904293,1.9412515536276267
Mbooni,553.5202158714459,612.3210747721412,58.80085890069529
Megun,201.62811737361432,241.29721521055745,39.66909783694314
Mekenene,375.91183844107064,419.0050377078141,43.093199266743454
Menengai,2789.794358987185,3338.669301912274,548.8749429250888
Menengai west,215.56238367014808,257.9729632013428,42.41057953119471
Merigi,592.6894250632412,709.2974453011807,116.60802023793951
Metkei,209.45896007408646,250.66873019375575,41.20977011966929
Mfang'ano Island,132.45614373234773,147.57187637953788,15.115732647190157
Miambani,125.47748170378306,138.80704654223223,13.329564838449173
Migosi,8239.633547935957,9172.225067515432,932.5915195794751
Migwani,157.11117810337217,173.8012137720956,16.690035668723425
Mihang'o,4260.01160473918,5154.902891694745,894.8912869555652
Mihuu,674.2723252523168,765.9552689537675,91.68294370145065
Mikindani,5851.151820434813,6765.443980730374,914.2921602955612
Mikinduni,19.635584564728024,22.851388109412547,3.2158035446845226
Mikinduri,485.39983785828457,536.9642147165071,51.56437685822249
Milangine,406.29829962951203,444.0408649544127,37.74256532490068
Milima,623.2238304356235,710.7029734622481,87.47914302662457
Milimani/Milimani,935.8902803618961,1041.817688317805,105.92740795590896
Miritini,1729.6948615805236,1999.9743635808088,270.2795020002852
Mitaboni,399.3617536346805,441.786244786793,42.42449115211252
Mitheru,258.594526007607,286.06521006100985,27.470684053402863
Mitunguu,294.5809769511631,325.8745296189453,31.293552667782194
Miwani,135.59442791840536,151.96243022533898,16.36800230693362
Mjambere,8590.56143549437,9932.909354261174,1342.3479187668036
Mji Wa Kale/makadara,9882.040804700788,11426.193391879633,1544.1525871788454
Mkomani,8733.994597140134,10098.75530002934,1364.7607028892053
Mkongani,101.95686086164511,117.88848544079,15.931624579144895
Mkunumbi,10.528151306527702,12.183883311975015,1.6557320054473124
Mlango Kubwa,50311.616373697914,60881.2314453125,10569.615071614586
Mnagei,287.11552564699156,343.6037500324363,56.48822438544477
Mnarani,311.72192607254186,360.4311205828146,48.70919451027271
Mochongoi,62.37364021543249,74.64527295442426,12.27163273899177
Mogogosiek,614.6585411906724,735.5888555640068,120.93031437333445
Mogondo,331.14624422215525,396.29724281763015,65.1509985954749
Mogotio,101.35406042298294,121.29485206210789,19.940791639124953
Moi's Bridge,503.68206315188934,602.0111603668005,98.32909721491114
Moiben,166.9414393892495,199.78614721902616,32.84470782977667
Moiben/Kuserwo,166.8988422348726,199.7351689806208,32.83632674574821
Mokerero,834.8704135165585,929.3067374189618,94.43632390240327
Molo,706.4994648808099,845.4989057146952,138.99944083388527
Mosiro,13.079783366623243,15.653150821115425,2.573367454492182
Mosop,234.45334402004636,280.58060634387016,46.1272623238238
Moticho,651.0804634801017,724.7768452175127,73.696381737411
Motosiet,397.4145908863076,475.60348378606875,78.18889289976113
Mountain View,11284.6293862989,13638.983705607056,2354.354319308155
Mowlem,18616.700342718163,22527.754040348205,3911.0536976300427
Mt. Elgon,14.074408334831324,16.343076001674902,2.2686676668435783
Mtepeni,700.0094977546903,809.3919209250529,109.38242317036259
Mtito Andei,42.6908324558502,47.22699835823337,4.536165902383168
Mtongwe,1369.861095182639,1583.913507721537,214.0524125388979
Mtopanga,8428.619198782568,9745.662536873513,1317.0433380909453
Mua,158.9922161195476,175.88207409159304,16.889857972045434
Muchatha,2635.0975100294513,2859.3720733566474,224.27456332719612
Mugoiri,567.4466926006942,615.6494692152975,48.202776614603295
Muguga,1907.7159398987449,2069.770341825495,162.0544019267502
Mugumo-ini,923.939152376411,1117.2412961327482,193.30214375633716
Mugumoini,396.90562255136575,430.62148154691187,33.715858995546114
Mugunda,94.63507039349382,103.04980794215777,8.41473754866395
Muguru,612.1900693271001,664.1936586051268,52.00358927802665
Mugwe,403.70845426541746,446.5947002288541,42.886245963436636
Muhoroni/Koru,260.7029965421169,291.2452962134919,30.542299671374963
Muhudu,696.8632200549891,791.6179294985504,94.7547094435613
Muhuru,186.81469070000236,207.95869291956754,21.14400221956518
Mui,60.660662239257775,67.10468831091472,6.44402607165695
Mukaa,293.7778028445637,324.98603285190154,31.208230007337818
Mukogodo East,34.460319122029325,41.213799798993506,6.75348067696418
Mukogodo West,29.890852243066952,35.68217677188814,5.791324528821185
Mukothima,125.49728850098809,138.82895665375378,13.331668152765687
Mukure,414.897140306298,450.1413284107332,35.24418810443518
Mukurweni Central,499.2048533655191,541.6107034033411,42.40585003782195
Mukurweni West,601.7582333920965,652.875670080408,51.1174366883115
Mukutani,25.773904215973594,30.84476233398615,5.070858118012556
Mukuyuni,705.80810968786,801.7790677671985,95.97095807933852
Mulango,184.72538463934225,204.34889678786982,19.623512148527567
Mumberes/Maji Mazuri,119.66870633542204,143.21279249044298,23.544086155020935
Mumbuni North,964.4361991977282,1066.8889603451871,102.45276114745889
Mumias Central,1060.5561951574975,1204.7633824571203,144.20718729962277
Mumias North,906.764312644083,1030.0599406591534,123.2956280150704
Muminji,89.91989429535722,99.47215034599158,9.552256050634355
Mumoni,55.14491380932686,61.00299807406111,5.858084264734252
Munanda,417.12130876900017,499.13679040128835,82.01548163228819
Mungoma,1109.936486961154,1260.7911765069173,150.85468954576322
Municipality,662.3331761285674,732.6933069712952,70.36013084272781
Murarandia,521.5627455288068,565.8678301780882,44.30508464928141
Murera,525.2121319859314,569.8272182519137,44.61508626598231
Murhanda,592.7107388034798,673.3034883439456,80.59274954046577
Murindat,186.41846165476443,221.92448110881116,35.506019454046736
Murinduko,233.02934762510165,253.22998114117703,20.200633516075385
Muruka,789.195818444331,856.235471424623,67.03965298029198
Murungaru,197.08529504878993,214.22507368982653,17.1397786410366
Musanda,752.4033889781829,853.8016170112705,101.39822803308766
Musikoma,1045.5213300967607,1187.6841757865589,142.16284568979813
Mutarakwa,411.84204713720476,492.86945130413,81.02740416692524
Mutha,6.134262454416723,6.785989037419545,0.651726583002822
Muthambi,323.9894450602102,358.40707956445453,34.41763450424435
Muthara,131.07667367870738,145.00104338646432,13.924369707756938
Muthesya,170.0062898948543,187.7799858106865,17.773695915832207
Muthetheni,190.89596767847638,211.17498455019842,20.279016871722035
Muthithi,719.1077634463007,780.193666435084,61.08590298878323
Muthwani,141.3099571296343,157.573539598212,16.26358246857768
Mutira,292.47010761940373,317.31450492261035,24.84439730320662
Mutithi,284.8446024030941,309.0893788531257,24.244776450031623
Mutito/Kaliku,37.15727548268262,41.10451984420416,3.947244361521541
Mutituni,861.1969670338406,952.6825260963554,91.48555906251488
Mutomo,83.13327025060889,91.96457840484864,8.83130815423975
Mutonguni,241.78703829404222,267.47225316599435,25.685214871952127
Mutu-Ini,3103.672549853219,3725.618326327702,621.945776474483
Muvuti/Kiima-kimwe,947.6288049868261,1048.2961020903076,100.66729710348147
Mwaking'oina,971.5536106803576,1081.5175361579968,109.96392547763924
Mwakirunge,805.7247282111689,931.6260591823466,125.90133097117769
Mwalano,93.28165036125878,103.19102811024638,9.909377748987595
Mwamonari,1014.5553665054794,1129.3863501286612,114.83098362318185
Mwanamwinga,139.3931737447445,161.17454077530937,21.781367030564866
Mwanda/mghange,63.20806450582277,73.08486066663465,9.876796160811885
Mwangathia,282.69849346755836,312.7297610487004,30.03126758114206
Mwarakaya,372.3033389856427,430.4788961838919,58.17555719824918
Mwariki A,20227.043573907078,24206.590407351225,3979.5468334441466
Mwatate,43.72115050568055,50.552951522022624,6.831801016342077
Mwavumbo,132.06919179611097,152.70612465032508,20.63693285421411
Mwawesa,587.172749645435,678.9234736322646,91.7507239868296
Mwea,207.2117093267359,228.8171645451113,21.605455218375397
Mwereni,26.858029185030215,31.038670555786677,4.180641370756462
Mwibona,1096.5256328451314,1244.1271078547659,147.60147500963444
Mwihoko,924.5367331271294,1020.0046792583798,95.46794613125041
Mwiki,4152.247610876465,4883.932706396484,731.6850955200189
Mwimbi,245.62835763338083,271.721636504944,26.09327887156317
Mwitika/Zombe,34.33646809840419,37.98405612393959,3.6475880255353985
Mwiyogo/Endarasha,173.45791550918338,188.30701140682262,14.849095897639245
Mwonyorero,849.5453064907875,945.6998781025766,96.15457161178904
Naikarra,25.963224392309616,31.061195783945397,5.097971391635781
Narok Town,148.6188093231899,177.85865024082509,29.239840917635178
Nkareta,58.044460515745605,69.46435293826259,11.419892422516988
Naathu,145.402854961434,160.8491046399305,15.446249678496486
Nabiswa,699.3667103366851,836.9628298924731,137.59611955578805
Nachola,7.305503601614843,8.742816769381479,1.4373131677666358
Nachu,212.36356697361006,230.66771903855232,18.304152064942258
Nairobi Central,8244.15930893842,9976.11761250866,1731.9583035702399
Nairobi South,14233.736509364764,17224.00375628298,2990.2672469182144
Nairobi West,6603.10695438665,7990.307696472423,1387.2007420857735
Naitiri/Kabuyefwe,574.7342052191078,654.2774180099279,79.54321279082012
Naivasha East,334.922420640084,400.55789672369735,65.63547608361336
Nakalale,8.458454826565308,10.122604097831783,1.6641492712664743
Nakuru East,1420.6873232303371,1700.1988902203238,279.5115669899867
Namamali,619.7765865906398,704.0495673370141,84.27298074637429
Nambale,533.7474032604478,606.3227321629106,72.57532890246284
Namboboto-Nambuku,449.7429844143688,511.50822204727,61.76523763290123
Namwela,679.3853164238689,771.7634842704044,92.37816784653558
Nanaam,11.001330859268723,13.354859303535273,2.3535284442665496
Nandi Hills,528.6218773541219,632.6250083206544,104.00313096653247
Nangina,473.86823245583565,538.2876399206655,64.41940746482982
Nanighi,6.9397455151454235,10.730903252506211,3.7911577373607876
Nanyuki,781.9604853254597,934.833219420235,152.8727340947753
Naromoru/Kiamathag,138.728385889231,150.6049039703586,11.876518081127614
Ndalani,201.0201632912488,222.26507011554475,21.244906824295953
Ndalat,299.7229938064249,358.6916577933308,58.96866398690594
Ndalu,428.2569676126867,490.2479992156691,61.99103160298239
Ndanai/Abosi,384.8796406050598,459.16828155064314,74.28864094558332
Ndaraweta,520.0521328535721,622.3692105446456,102.31707769107356
Ndarugu,258.48240486345406,280.4396564316381,21.957251568184063
Ndavaya,32.87348930968769,38.00775955090769,5.134270241220001
Ndeiya,215.77424722958278,234.33578197246007,18.561534742877285
Ndenderu,2411.0554305891565,2616.572744969455,205.51731438029856
Ndithini,143.3842141669511,158.3324737803001,14.948259613348995
Ndivisi,710.2301112272072,806.8023432715877,96.57223204438048
Ndoto,8.90802390106055,10.65028347966867,1.7422595786081185
Ndumberi,2571.9872392302514,2790.469388876628,218.48214964637646
Nessuit,166.0732544558991,198.74715028033395,32.67389582443485
Ng'araria,887.7996355782623,963.2153594165792,75.41572383831692
Ngando,12583.370213024937,15226.923391959726,2643.5531789347897
Ngara,9697.264425838695,11734.495567380314,2037.2311415416189
Ngare Mara,7.647871882286589,8.518538893320956,0.8706670110343673
Ngariama,168.20143005743913,182.510381683395,14.30895162595587
Ngecha/Tigoni,618.9889882555011,671.5701163983963,52.58112814289518
Ngei,51832.82992788463,62722.02834535256,10889.198417467931
Ngenyilel,428.73846239312223,508.22064819101575,79.48218579789352
Ngeria,312.0181163823312,373.40577712083376,61.387660738502575
Ngewa,933.3736854036072,1012.660784869378,79.28709946577078
Nginda,299.65473756638534,328.24902286994603,28.594285303560696
Ngobit,53.97814598020045,64.31500952443066,10.336863544230212
Ngolia,4.530475326638883,5.242132978900365,0.7116576522614819
Ngoliba,260.9194334733818,283.2047895961834,22.285356122801602
Ngomeni,13.422341116753563,14.849690759592935,1.4273496428393724
Ngong,1609.3055503710002,1925.9291958543913,316.6236454833911
Nguni,16.691545036907847,18.46482463487091,1.7732795979630644
Nguumo,70.07927792289887,77.53435752514261,7.455079602243742
Nguutani,143.29226274881248,158.51430376241981,15.222041013607338
Njabini/Kiburu,229.54906312137265,249.04852147454196,19.499458353169302
Njia,279.01821229953174,308.65852600019554,29.640313700663796
Njiru,12284.72150473114,14865.533502036502,2580.8119973053617
Njoro,521.9612888889164,624.6539808306321,102.69269194171568
Njukiine,465.5837045840851,505.3837554451194,39.800050861034265
Nkaimurunya,4736.501413470734,5669.058397603284,932.5569841325496
Nkomo,503.39393150898127,556.8698324163938,53.47590090741255
Nkondi,172.75698209918423,191.10908151596078,18.352099416776554
Nkuene,365.0414840968962,403.8201069771135,38.778622880217256
North East Gem,696.8668806731806,776.3707284764259,79.50384780324532
North East Sakwa,573.7293548086686,638.6660954555695,64.93674064690083
North Gem,456.31631572410845,508.55445486531215,52.2381391412037
North Horr,2.3607231524069725,2.619419669057687,0.2586965166507147
North Kabuoch,298.9833379290216,332.82334018612886,33.840002257107244
North Kadem,125.57933572911244,139.93810559565324,14.358769866540797
North Kamagambo,444.6283625012326,494.95299147548906,50.324628974256484
North Kanyamkago,306.8766280690627,341.61002263679353,34.73339456773084
North Karachuonyo,240.41919081747724,267.6306944749249,27.21150365744765
North Kinangop,188.68473743546824,204.712899640512,16.02816220504377
North Maragoli,1311.4905758533873,1489.81807880736,178.32750295397273
North Nyakach,345.73244503742063,384.88766876873575,39.15522373131512
North Rachuonyo,845.493958792085,941.1899808435605,95.69602205147555
North Seme,405.559349324377,451.7312240262553,46.17187470187827
North Ugenya,485.8812876884529,542.1238730495552,56.24258536110227
North Uyoma,198.4149582791837,220.8722729892259,22.457314710042198
North West Kisumu,827.4307868482682,924.6996762042091,97.26888935594093
Nthawa,216.3869607912782,239.37390466229263,22.986943871014432
Ntima East,2068.4450162335074,2288.177441917439,219.73242568393152
Ntima West,947.5410687563739,1048.1990290922465,100.65796033587264
Ntimaru East,591.1839773703931,658.1885126819119,67.0045353115188
Ntimaru West,601.98724009767,670.0266414602569,68.03940136258689
Ntunene,164.12553185103803,181.56070733127663,17.4351754802386
Nuu,27.078763397767545,29.955360205819538,2.8765968080519926
Nyabasi East,455.331040678489,506.92062384048785,51.58958316199886
Nyabasi West,416.3011778431865,463.40132427091527,47.10014642772876
Nyacheki,850.2351480884859,946.7015064479799,96.46635835949405
Nyaki East,285.37263085937917,315.68797262618995,30.315341766810775
Nyaki West,616.2338772848307,681.6968520547522,65.46297476992152
Nyakio,503.699119446951,546.4867467883494,42.78762734139838
Nyakoe,1186.2627325050155,1320.5282018093935,134.26546930437803
Nyalenda 'A',7695.277285475819,8566.256626573404,870.9793410975853
Nyalenda 'B',3042.645550370373,3387.023028073315,344.3774777029421
Nyamaiya,889.0071930476423,989.6282057563017,100.62101270865935
Nyamasibi,795.859704575923,886.0183878771496,90.15868330122657
Nyamusense/Komoso,376.87404578370024,419.5164325543108,42.642386770610585
Nyanduma,484.6847011673497,525.857109126342,41.17240795899232
Nyangati,540.3258873712798,586.2248449898929,45.89895761861305
Nyangores,384.0000122374098,459.54966636103217,75.54965412362236
Nyansiongo,468.2839198344331,521.304517559903,53.02059772546994
Nyathuna,1780.1708801462426,1931.5968990918086,151.42601894556606
Nyatieko,1410.4948021506345,1570.1396562498196,159.64485409918507
Nyayo Highrise,47768.09000893064,57803.353796976655,10035.263788046017
Nyiro,13.730765492264036,16.41267490723358,2.681909414969544
Nyota,248.90377582730105,297.87407312051755,48.970297293216504
Nzambani,320.6190375758488,354.67863178046235,34.059594204613575
Nzaui/kilili/Kalamba,204.61638867083772,226.3529374837007,21.736548812862992
Nzoia,630.7669262771125,716.8086885521342,86.04176227502171
O'llessos,348.35693812150294,416.8940378476218,68.53709972611887
Olokurto,50.93100645448422,60.9513706768542,10.020364222369977
Ololulung'a,101.59222031755726,121.57986892033564,19.98764860277838
Olorropil,90.42159639918735,108.21149290035667,17.789896501169324
Olposimoru,76.05483320602207,91.01815616850088,14.963322962478813
Obbu,2.295041509270979,2.539290557974951,0.2442490487039719
Ol Moran,40.46213157101957,48.4228083020862,7.960676731066634
Oldo-nyiro,14.695656914156544,16.297544205098554,1.6018872909420097
Olkaria,64.4846604653578,77.17162320994109,12.686962744583283
Olkeri,1095.7169915456773,1311.3241900594458,215.60719851376848
Ololmasani,393.07709614485975,469.8350357349956,76.75793959013583
Oloolua,1927.2761339062433,2305.7672126831726,378.49107877692927
Ombeyi,336.6209997797415,374.7209641941514,38.0999644144099
Ong'ata Rongai,7475.339045854048,8946.295256512327,1470.956210658279
Pangani,18903.44344579228,22874.736663405165,3971.293217612885
Parklands/Highridge,4707.2011965655975,5696.10441485655,988.9032182909523
Pipeline,17525.080435526743,21206.803486932185,3681.7230514054427
Pongwe / Kikoneni,131.93730981187667,152.55363442812993,20.61632461625325
Pongwe/Kikoneni,46.23424321146444,53.458735813193606,7.2244926017291675
Poro,22.396230739064357,26.802552168145798,4.406321429081441
Port Reitz,7253.457533221378,8386.87175217999,1133.4142189586119
Puma,23.0967262084524,26.70576222318505,3.609036014732652
Pumwani,26626.0316483347,32219.71091180098,5593.679263466278
Purko,27.02404821969447,32.340864641808516,5.316816422114044
Racecourse,2189.9405393066863,2620.797983419524,430.8574441128376
Ragana/Oruba,1102.5979124862135,1227.393897974578,124.79598548836452
Railways,1970.147980010801,2193.136387709918,222.98840769911703
Ramisi,215.93334054792984,249.67475903901286,33.74141849108301
Ravine,521.2377234041068,623.7880629511703,102.55033954706357
Rhamu,255.04458365069502,394.7863146171984,139.74173096650338
Rhamu Dimtu,58.17834699977693,90.00377738878333,31.825430389006407
Riabai,2886.8546385783357,3132.083612083933,245.22897350559742
Riana,721.8596516717542,803.5623124745409,81.70266080278668
Ribikwo,25.39696078216044,30.393657457990212,4.996696675829771
Rigoma,1032.5590335360744,1149.4277565060997,116.86872297002537
Riruta,16846.665544396157,20385.86404944034,3539.1985050441835
Riwo,51.383917704719096,61.542989218229124,10.159071513510028
Rombo,95.43586485350951,112.93163623423807,17.495771380728556
Ronge,108.81158992977004,125.81432513399687,17.002735204226838
Rongena/Manaret,330.13449126133116,392.00973059703017,61.87523933569901
Roysambu,2224.4750396541795,2689.6858035214113,465.2107638672319
Ruai,585.8386716763881,707.0430137835663,121.20434210717815
Rugi,470.1252451034878,510.0608792904841,39.93563418699625
Ruguru,192.0689343077247,208.38457644438924,16.315642136664536
Ruguru/Ngandori,427.96352841094404,473.41129672391395,45.44776831296991
Ruiri/Rwerera,184.75737919941463,204.3842908470657,19.62691164765107
Ruma-Kaksingri East,92.57068067130635,103.04816135802973,10.477480686723382
Rumuruti Township,110.24331625746541,131.93301347535922,21.68969721789381
Rurii,200.47456008653026,217.50423182182197,17.029671735291714
Ruring'u,1554.3802666081062,1686.4199068718024,132.03964026369613
Ruruma,557.867895429073,645.0394972610666,87.1716018319936
Rusinga Island,213.2887266766762,237.42950566866418,24.140778991987986
Rware,2398.4748187993196,2602.2176782902457,203.7428594909261
Rwathia,163.47401528896506,177.36060784859285,13.886592559627786
Sagamian,78.404436350469,93.83002933842096,15.425592987951958
Sogoo,401.3237241913622,480.2817175561856,78.95799336482338
Sabaki,640.1088770348427,740.1313442462061,100.02246721136339
Sabena,22.001521043418894,34.08344731232972,12.081926268910824
Saboti,403.66115132964893,482.98987780203606,79.32872647238713
Sacho,143.8940422172786,172.20431582388414,28.310273606605534
Sagala,11.704607971164712,13.533552360900034,1.8289443897353213
Sagante/Jaldessa,28.922661720721244,31.995137212526892,3.0724754918056476
Saka,18.030179475906507,27.941991197666695,9.911811721760188
Sala,48.56705142127408,68.97723371743407,20.410182296159995
Salama,30.679778582349236,36.669705613104306,5.989927030755069
Sambirir,155.90261084251938,186.57549560661639,30.672884764097006
Sameta/Mokwerero,918.5079551615328,1022.4679723817009,103.96001722016808
Sangailu,10.237563823101627,15.863047034844412,5.625483211742784
Sangalo/Kebulonik,250.0110709587076,297.08174051328524,47.07066955457765
Sanghor/Soba,249.3933033339198,298.1017504401134,48.7084471061936
Sango,487.5465575584461,553.8398085773955,66.29325101894938
Sankuri,16.68082986851957,25.850735697808947,9.169905829289377
Sarang'ombe,17925.367248828592,21691.185386657715,3765.818137829123
Sarman,19.329042675268283,29.95488454681886,10.625841871550577
Segera,14.198983211042332,16.99254637535135,2.793563164309017
Segero,353.6834921862119,423.2685550758627,69.58506288965083
Sekerr,36.18349438912009,43.3023758078123,7.1188814186922045
Sengwer,141.69355279412116,169.57089363663584,27.877340842514684
Sensi,911.4820809660769,1014.646879052624,103.16479808654708
Sergoit,132.73865337642843,158.85417243546675,26.11551905903832
Sericho,4.565665942031304,5.563751657499229,0.9980857154679255
Shaabab,7460.256118373489,8928.015460242814,1467.759341869325
Shaf Shafey,492.5364349439148,760.9169705921292,268.38053564821445
Shamakhokho,1271.1550547317524,1444.0270435244017,172.8719887926493
Shamata,74.96658819941892,81.33475990892609,6.368171709507166
Shankoe,160.593398496093,191.1429647815852,30.549566285492205
Shanzu,3447.191638778784,3985.8446916371395,538.6530528583553
Shauri moyo/Kaloleni,8005.946268717448,8912.088036431207,906.1417677137588
Shella,343.43515922419493,397.0998195534069,53.66466032921198
Sheywe,2345.959989094153,2664.947585826966,318.987596732813
Shika Adab,1509.873253214901,1745.8038348703876,235.93058165548655
Shimanzi/Ganjoni,5578.825978103194,6450.564919974813,871.7389418716193
Shimbir Fatuma,49.66214194185177,76.96313526996941,27.30099332811764
Shimo La Tewa,1935.6856658496563,2238.1530095564613,302.46734370680497
Shinoyi/Shikomari,628.0437587941311,713.440861279973,85.39710248584186
Shirere,2179.373792201519,2475.7101302097617,296.3363380082428
Shiru,517.0465549067184,587.6939862799921,70.64743137327378
Shirugu/Mugai,525.1721764394631,596.5815059778066,71.40932953834351
Siana,15.185570074789306,18.172903581750163,2.987333506960857
Siaya Town,527.0843659493781,586.7416555551274,59.65728960574927
Siboti,622.8705336272618,707.5642198614493,84.69368623418745
Sigomere,465.97578654392646,518.7943969681226,52.818610424196095
Sigona,978.459013693567,1061.5759649121824,83.11695121861533
Sigor,333.4541076760715,399.0591669064791,65.60505923040762
Sigowet,591.3601428315336,704.4972711405708,113.13712830903717
Sikhendu,697.9736815729448,834.1068972464531,136.1332156735083
Silale,57.75075184154337,69.11285921068927,11.362107369145896
Silibwet Township,789.3034060515655,944.594022324405,155.29061627283954
Simat/Kapseret,274.27534732501755,328.237345207737,53.96199788271946
Sindindi,501.6560705117298,559.483310334194,57.82723982246421
Singorwet,649.630301064711,777.4411007044862,127.81079963977515
Sinoko,450.7112222419689,515.8526507169438,65.14142847497487
Sinyerere,448.5354405006287,536.7820438109383,88.24660331030958
Siongiroi,417.8586168908312,500.0697428338346,82.21112594300342
Sirende,751.3801598106998,899.2096063662523,147.82944655555252
Sirikwa,334.70228571760026,400.55291348553004,65.85062776792978
Sitatunga,493.16369788533916,590.1906430745402,97.026945189201
Sitikho,477.025824570742,541.8885388246788,64.86271425393682
Siyoi,347.85990197607435,416.2992087203495,68.43930674427514
Soin,124.23191440991415,148.1108577960848,23.878943386170633
Sokoke,59.58186695393784,68.8920393216515,9.310172367713655
Sokoni,2839.367336039197,3283.0426088660547,443.6752728268575
Solai,104.9772252308272,125.63085328212081,20.65362805129361
Soliat,197.65843093508536,235.7364523512922,38.07802141620684
Sololo,54.36791077875885,60.174527760064734,5.806616981305886
Songot,8.253117830625207,9.877174200612684,1.6240563699874766
Sook,79.75098149696154,95.44149931263027,15.690517815668727
Sosiani,15.297699068560586,18.306945670641024,3.009246602080438
South 'C',4999.455307057756,6049.756280035543,1050.3009729777868
South Alego,273.0697440246592,303.97675282285724,30.907008798198035
South Bukusu,580.3950431938194,659.3131887682173,78.91814557439784
South East Alego,515.4731173419117,573.8162063271425,58.34308898523079
South East Nyakach,636.2190217466995,708.2849594650241,72.06593771832468
South Gem,357.22866566575254,397.66108459530346,40.43241892955092
South Kabras,717.2104405769403,814.7318145019418,97.52137392500151
South Kanyajuok,441.04514710504344,490.9744190435365,49.92927193849306
South Kanyamkago,455.39050692757803,506.9332350393847,51.542728111806696
South Maragoli,847.5958482086303,962.2681018576731,114.67225364904277
South Sakwa,248.35248929939058,276.46493287261904,28.11244357322846
South Uyoma,228.43613139406852,254.291348095329,25.855216701260474
South West Kisumu,277.4845102408748,308.89120268484754,31.40669244397276
South West Nyakach,386.70975640923,430.47895375938754,43.769197350157526
Soy,228.1921997947904,272.8432646404134,44.65106484562298
Soy North,92.3715184940803,110.54504980902306,18.17353131494275
Soy South,110.35344001673873,132.0648044615704,21.71136444483166
Soysambu/Mitua,616.1401733044954,699.9187047244037,83.77853141990829
Spring Valley/Matopeni,14432.656016873238,17464.71261527843,3032.056598405192
Suam,67.90383579038973,81.42822430405913,13.524388513669393
Subukia,218.31629747781722,261.26815219613684,42.95185471831962
Suguta Marmar,26.117929172990262,31.256471905224725,5.138542732234463
Sukha Central,462.44992292898456,525.3306960787526,62.880773149768004
Sukha East,153.04960630834623,173.97346762041747,20.92386131207124
Sukha North,385.4633349912399,437.89133255253233,52.42799756129244
Sukha South,1114.5900347039208,1266.1443684537458,151.554333749825
Suna Central,1070.3497527417524,1191.4957538813214,121.14600113956908
Suswa,79.7266623052277,95.41239557167452,15.685733266446817
Syokimau/Mlolongo,1982.172995319075,2291.4598263525672,309.28683103349226
Tabaka,1044.421406470298,1162.6327573041538,118.2113508338557
Tagare,467.62025314459373,520.5471862126165,52.92693306802272
Takaba,77.22134445795375,119.67258170849038,42.451237250536636
Takaba South,41.109107230173,63.70820233107757,22.59909510090457
Tala,715.8706901439442,791.9181586197489,76.04746847580464
Tambach,128.11250903135746,153.31786259592195,25.20535356456449
Tambua,978.9310412304441,1113.2107412191167,134.27969998867263
Tangulbei/Korossi,30.622089294211204,36.64679818959264,6.024708895381433
Tapach,166.66563255778985,199.45607672053438,32.790444162744535
Tapsagoi,371.6353405530582,443.3031062834096,71.66776573035139
Tarakwa,136.84819636238376,163.7722431339469,26.924046771563127
Tarbaj,21.814799305448265,33.807147177478605,11.99234787203034
Tebesonik,374.80118090338567,447.1815620321741,72.38038112878843
Tembelio,217.1215641495673,259.8389055390822,42.7173413895149
Tendeno/Sorget,86.48078221622622,103.49534768521333,17.014565468987115
Tenges,83.77096865281672,100.25239437866212,16.481425725845398
Terik,630.3333551154446,741.5212368075685,111.18788169212382
Tezo,599.7268014122799,693.4391960093998,93.7123945971199
Thangatha,384.44854011426344,425.28878505038045,40.84024493611702
Thange,80.24188796220099,88.77912164381102,8.537233681610033
Tharaka,41.476957634388434,45.88308516859025,4.406127534201815
Thegu River,120.11324628503247,130.3594696181474,10.246223333114912
Theta,332.7718240183221,361.0397254601312,28.2679014418091
Thiba,694.5761569520962,753.5781786606746,59.002021708578354
Thingithu,224.60515293817645,268.7788079440485,44.173655005872035
Tigithi,53.31133066621178,63.368665764630464,10.057335098418683
Timau,115.25349935254869,128.56237227842374,13.30887292587505
Timbwani,9256.241868036022,10702.608246840007,1446.3663788039848
Tinderet,222.2905933659847,266.0249084069909,43.7343150410062
Tinet,219.39101500596095,262.55485646019804,43.16384145423709
Ting'ang'a,600.6146139434568,652.8554813014292,52.240867357972434
Tirioko,28.9106216407077,34.59860975121971,5.687988110512013
Tiwi,509.56581161162444,589.189801268484,79.62398965685952
Tongaren,521.007436366893,591.8504605247863,70.8430241578933
Tononoka,20995.941617313507,24276.734702620965,3280.7930853074577
Township(Bungoma),3560.4603479209068,4044.5873431037453,484.1269951828385
Township(Garissa),8068.872135645906,12504.609354368398,4435.737218722492
Township(Kiambu),1106.7429703635946,1208.8018202455726,102.05884988197795
Township(Kitui),1181.4858208596402,1306.9958997742629,125.51007891462268
Township(Mandera),1299.6789563883976,2013.1190213676298,713.4400649792321
Township(Moyale),1595.5282015177993,1765.0654911927772,169.53728967497796
Township(Murang'a),1397.664135689909,1516.3912074385742,118.72707174866514
Township(Nyamira),1507.5171022674958,1678.143259936456,170.6261576689601
Township(Thika),529.0012089716482,573.9381567061217,44.936947734473506
Township(Wajir),996.1367337010444,1543.7474920935058,547.6107583924614
Tseikuru,28.706560318579168,31.756374649705226,3.0498143311260577
Tsimba/Golini,177.51747265765815,205.25608539844367,27.738612740785527
Tudor,14911.916270053152,17242.029957033254,2330.113686980101
Tulimani,324.53276712923423,359.00811982826394,34.47535269902971
Tulwet/Chuiyat,324.3178542216052,388.1254079794692,63.80755375786396
Turbi,1.2110295622759204,1.3414762453167726,0.13044668304085216
Turi,442.68062031990354,529.7753278105996,87.09470749069607
Turkwel,20.61350960764921,24.66909159795998,4.05558199031077
Marakaru/Tuuti,848.1957474425267,963.5275961515883,115.33184870906166
Tuwani,9196.465561962632,11005.813721349,1809.348159386369
Ugunja,513.273168209438,571.367267590405,58.09409938096701
Ukia,243.58184139762818,269.4577172700899,25.875875872461734
Ukunda,1251.3904284751065,1446.93079682565,195.54036835054353
Ukwala,450.0301840033868,500.9662140026221,50.9360299992353
Umoja One,27110.13143550601,32805.51125702798,5695.379821521972
Umoja Two,33265.632914062495,40254.1776640625,6988.544750000008
Upper Kaewa/Iveti,857.154227550472,948.210344914703,91.056117364231
Upper Savanna,21692.92365746882,26250.23933318116,4557.315675712343
Uran,3.625945915017368,4.035226457153781,0.4092805421364134
Usonga,201.88708808818063,225.31344776468086,23.426359676500226
Utalii,15856.723752202626,19187.95218742203,3331.2284352194038
Utawala,9383.665065463438,11355.014452199603,1971.349386736165
Uthiru,6219.948628340618,6784.175558260171,564.2269299195532
Uthiru/Ruthimutu,5074.090657624101,6022.190223572317,948.099565948216
Visoi,188.96449576944562,226.1421042644836,37.17760849503799
Viwanda,542.6771308465613,649.4455305024525,106.76839965589113
Viwandani,12826.222648494377,15520.794675633892,2694.572027139515
Voo/kyamatu,34.987675301661135,38.7044414559795,3.716766154318364
Wusi/Kishamba,360.3194537223236,416.6224316288666,56.30297790654299
Waa,389.54685244872013,450.41685850464387,60.87000605592374
Wabera,1603.604646064905,1773.956748926506,170.352102861601
Waberi,463.42419873681087,718.1844631580268,254.76026442121594
Wagalla,37.150175529450465,57.57290972044654,20.422734190996074
Wagberi,891.4980658531772,1381.5853249173088,490.08725906413156
Waia/Kako,156.97129942772827,173.6464758130925,16.67517638536424
Waita,63.33775396597584,70.06616922014447,6.728415254168631
Waitaluk,513.7123159655208,614.6794909295267,100.96717496400584
Waithaka,7108.4512633549,8601.813754789586,1493.3624914346856
Waldai,707.7019890164408,846.9380302296813,139.23604121324047
Wamagana,396.2359967801412,429.8949757281622,33.658978948021
Wamba East,14.074663589032262,16.84376761778206,2.7691040287497977
Wamba North,5.871323690115367,7.0243529940624345,1.1530293039470676
Wamba West,12.188958594870984,14.583638996884739,2.394680402013755
Wamumu,354.83536810847534,385.0232333189106,30.18786521043529
Wamunyu,131.25853882467442,145.20222970056162,13.9436908758872
Wang'chieng,226.7678368352493,252.43423409980278,25.666397264553467
Wangu,626.8971089038947,680.150010760048,53.252901856153244
Wanjohi,133.80081900254595,145.1667690485605,11.365950046014547
Waranqara,32.79569130025948,50.8246148122165,18.028923511957025
Wargadud,47.46104270756574,73.5520157792625,26.090973071696766
Wasimbete,237.73916720412566,264.5985230748196,26.859355870693918
Waso,4.410466041190144,5.270664826388594,0.8601987851984498
Wasweta II,353.6699886584024,393.69962151005865,40.02963285165623
Watamu,401.54500503680373,464.2898153336628,62.74481029685904
Wayu,2.9199714018322562,3.3753437606837546,0.4553723588514984
Wei Wei,96.1122525389492,115.02175061546194,18.909498076512733
Wemilabi,1266.4401545632375,1438.6420372908776,172.20188272764017
Weru,218.8259542098792,237.4145182768421,18.588564066962903
Werugha,457.35110689147007,528.8161010331856,71.46499414171558
West  Asembo,302.772197521682,337.04103493683095,34.26883741514894
West Alego,375.74354458739407,418.276992446476,42.533447859081946
West Bukusu,615.7759654870343,699.5049785899239,83.72901310288955
West Bunyore,1078.9764577429887,1224.617333601174,145.64087585818538
West Gem,380.7547367141207,423.8499192961382,43.09518258201746
West Kabras,629.6157255568497,715.2265693913436,85.61084383449383
West Kanyamkago,269.60382001487767,300.11854515744596,30.514725142568295
West Karachuonyo,177.82121221478903,197.94765133192527,20.126439117136243
West Kasipul,475.4747951837245,529.2907332361082,53.81593805238367
West Kisumu,473.81556071313565,527.7327150952175,53.91715438208183
West Nalondo,724.761061688622,823.309114943244,98.548053254622
West Nyakach,292.50283050886026,325.6093465132049,33.106516004344655
West Sabatia,1226.2268481698168,1392.9608031255777,166.73395495576096
West Sakwa,305.93618042779025,340.5631324368183,34.62695200902806
West Sang'alo,731.4282044115608,830.8828066139525,99.4546022023917
West Seme,207.07133127672617,230.50840598171234,23.437074704986173
West Ugenya,344.8268650008081,384.8205992508181,39.99373425000999
West Uyoma,263.7147016216874,293.56287490494134,29.848173283253914
Wiga,262.2613650427786,291.94504517390993,29.683680131131325
Witeithie,478.6081986749101,519.2644327520594,40.65623407714929
Witu,14.50750054678138,16.804179601319966,2.2966790545385862
Wodanga,1350.369964329813,1533.9840461737326,183.61408184391962
Woodley/Kenyatta Golf,9575.701190942918,11587.394019267507,2011.6928283245888
Wote,235.38205927299197,260.3868662784112,25.004807005419252
Wumingu/kishushe,36.045578936811516,41.678006768705565,5.632427831894049
Wundanyi,484.90207921426577,560.6721475053599,75.77006829109416
Yala Township,830.1774830070768,927.4607962209503,97.2833132138735
Yimbo East,210.2141750596757,234.04190726247697,23.827732202801258
Yimbo West,224.42224493084035,249.86777513033024,25.445530199489895
Zimmerman,4852.539255492951,5844.75672795017,992.2174724572187
Ziwa,372.40726659801084,445.67611892061564,73.2688523226048
Ziwani/Kariokor,13927.223955465312,16853.09902429791,2925.875068832598
Kabuoch South/Pala,292.0694441671578,325.12691018068824,33.057466013530416
Homa Bay Central,555.9130000204281,618.8332221127939,62.92022209236586
Homa Bay Arujo,425.9679172243071,474.1804840696096,48.21256684530249
Batalu/Buna,13.393029423624975,20.755639908430854,7.362610484805879
